ticket_id,timestamp,customer_id,channel,message,agent_reply,product,order_value,customer_country,resolution_status
6e97f77a-77d4-41c2-86bf-8e8883099d20,2024-06-21 22:43:23,CUST04332,email,The box arrived completely crushed. The item inside might be okay but I'm worried.,,,124.0,UAE,open
693d22b7-0191-4e54-b702-fe59369fc730,2024-11-04 21:12:17,CUST86379,chat,The box arrived completely crushed. The item inside might be okay but I'm worried.,,Gaming Mouse,86.18,Singapore,open
85e27a4e-e95b-4b4d-bd7c-0210b0e591ba,2024-05-24 01:48:56,CUST61559,chat,I never received a shipping confirmation email. My order status just says 'confirmed'.,,Electric Toothbrush,280.5,Mexico,resolved
e379b221-3204-40ee-b91d-e2971ee38a46,2025-07-15 18:43:51,CUST93103,web,The box arrived completely crushed. The item inside might be okay but I'm worried.,,Gaming Mouse,321.49,France,open
0100f4a8-d995-4905-ae72-e8846662d41c,2025-07-05 21:27:06,CUST34192,email,"I ordered during your sale and was quoted one price, but my card was charged the regular price.",I've applied a $10 goodwill credit to your account for the inconvenience. It'll appear automatically at your next checkout.,Electric Toothbrush,282.91,South Africa,open
57bdf8b3-9990-46f0-b2d6-444aa4432680,2024-03-27 21:31:04,CUST30564,chat,"I ordered during your sale and was quoted one price, but my card was charged the regular price.",I've looked into the duplicate charge and confirmed the extra amount will be reversed within 3–5 business days.,Electric Toothbrush,80.01,Canada,open
da124ecb-4a2a-4f45-9766-1b118fba18c0,2026-04-17 06:31:47,CUST49696,chat,The box arrived completely crushed. The item inside might be okay but I'm worried.,,Coffee Maker,84.89,Canada,resolved
7de3a021-561c-4603-9a88-da1021fbd5a2,2025-10-17 19:15:51,CUST91669,web,The refund you promised two weeks ago still hasn't appeared in my account. When will it post?,,Coffee Maker,66.13,Spain,resolved
b84f9e66-b4c4-4811-b075-26918e234ec2,2025-02-18 11:57:50,CUST51462,email,I see a charge from your company on my card that I don't recognize. I didn't place any order recently.,,Laptop Stand,436.55,Germany,resolved
65eb8d5e-906d-479c-a3fd-7cb167e46b37,2026-02-27 15:02:38,CUST93252,email,The tracking number you sent me doesn't work on the carrier's website. Can you tell me where my package actually is?,,Phone Case,440.57,Mexico,resolved
d750562b-e305-4222-b694-a56d55825784,2025-01-06 23:25:45,CUST03911,email,Is it normal for a domestic shipment to take over two weeks? I'm starting to think it's lost.,,Air Purifier,242.89,Netherlands,open
e588dfdb-8417-4577-a517-95df78a54096,2026-03-30 17:06:16,CUST96383,email,I followed the setup guide but the device won't connect to my Wi-Fi. It keeps saying 'network not found'.,,Yoga Mat,231.23,Australia,open
34e3dbbd-fa55-4aeb-bdb1-c3e55279dee5,2025-06-09 04:44:36,CUST09839,chat,Two of the three items in my order arrived but one is missing. The packing slip shows all three.,,Phone Case,431.22,United Kingdom,resolved
2f8d8155-217a-41de-95d0-2c1d5d734d1f,2025-03-08 14:23:05,CUST73829,email,I applied a store credit but the full amount was still charged to my card. The credit seems to have disappeared.,,Smart Watch,332.9,France,open
8431ca5e-02db-4ddb-aebb-289fa9be8bbc,2025-12-26 11:56:29,CUST01065,web,I never received a shipping confirmation email. My order status just says 'confirmed'.,Thank you for your patience. I've updated your shipping address — the order hasn't left the warehouse yet so the change went through.,Air Purifier,146.49,Australia,resolved
7f74bd28-1045-4f9f-91cd-9e6c54c40ee3,2024-04-27 02:33:08,CUST78108,web,My tracking shows the package left the warehouse four days ago but there's been no update since.,,Air Purifier,245.87,Mexico,open
2319cc14-10d5-4079-8b7d-a9727feb4674,2024-04-01 02:05:10,CUST26064,web,My order was cancelled without any explanation. I didn't cancel it. What happened?,I've processed a full refund including return shipping costs. The amount will post in 3–5 business days.,Desk Lamp,362.02,Canada,open
08d256b8-52f3-43a4-b03f-055a1acebedc,2024-12-04 04:28:39,CUST09805,chat,The instruction manual was in a language I can't read. There was no English version included.,,Air Purifier,,Netherlands,open
e69669ab-964b-4889-9752-46c736322933,2024-10-15 16:03:24,CUST19136,chat,I can't find an option to download my past invoices. I need them for a tax return.,,,332.11,UAE,resolved
639331c7-d962-42e1-8b39-c08ae0514e8e,2025-02-09 02:02:59,CUST35346,chat,I can't find an option to download my past invoices. I need them for a tax return.,,Electric Toothbrush,,Brazil,resolved
9e737041-b59a-4cdf-9edd-8cf95e0bfcd6,2024-06-04 07:34:16,CUST18384,chat,How long does a refund typically take once you receive the item back at the warehouse?,,Bluetooth Speaker,224.71,Netherlands,resolved
4415e131-68bd-4d4e-b452-443bdb8afc62,2026-04-01 16:20:18,CUST08412,chat,The order confirmation shows the wrong city in the shipping address. Please fix it urgently.,,Sunglasses,361.63,Australia,resolved
bade4bbb-1351-4902-9f1c-54668b05dd9f,2025-02-14 02:01:59,CUST87401,email,I'm getting an error saying my card is declined but my bank says there's no issue on their end.,Thank you for reporting this. I've removed the unrecognised device from your account and sent a security alert to your email.,Wireless Headphones,89.18,Brazil,resolved
481d15df-ce9a-4294-bf29-96a303dfa233,2025-10-26 09:19:26,CUST80112,email,The replacement you sent for my damaged item is also damaged. Can we just do a refund at this point?,,Air Purifier,,France,escalated
4aa5a6f1-bc1e-4893-a59e-8b67bb60dc37,2024-03-02 23:23:19,CUST53315,web,I'm getting an error code E-404 when I try to connect the device to my phone. What does that mean?,,Electric Toothbrush,433.66,Singapore,resolved
6f91f882-a29a-4853-933b-976c499f2edd,2025-10-02 11:26:59,CUST02563,chat,My tracking shows the package left the warehouse four days ago but there's been no update since.,I'm sorry to hear about this experience. I've initiated a full refund which should appear in 3–5 business days.,Smart Watch,460.04,France,open
d4481dd3-0355-446e-bd55-1faa813949f8,2024-12-19 13:22:29,CUST30365,chat,The delivery driver left my package in the rain and everything inside is damaged. I have photos.,,Wireless Headphones,342.96,Mexico,resolved
b4f12a6c-7a1d-449b-a558-b1c64e2f3f7a,2024-02-12 21:01:21,CUST14294,chat,After charging overnight the battery is still showing 40%. Is the charging port defective?,I'm sorry the size didn't work out. I've set up an exchange for you — you'll receive a prepaid return label by email.,Mechanical Keyboard,66.67,Spain,resolved
13ca9eed-c4f7-47bb-baa2-976393fffe80,2025-01-30 16:44:36,CUST06088,email,I never received a shipping confirmation email. My order status just says 'confirmed'.,I've confirmed your order details and can see the issue. A replacement has been dispatched — you'll receive tracking info shortly.,Electric Toothbrush,163.82,Mexico,open
86854fa5-b6ff-42e9-b717-2d9a0ac620fe,2025-04-11 12:49:32,CUST84656,email,I ordered a gift to arrive before my daughter's birthday. It's three days late. I'm really disappointed.,Your package was marked delivered in error. I've opened a trace with the carrier — we'll update you within 48 hours.,Wireless Headphones,95.27,UAE,open
a1ad15be-eb95-4daa-b152-cc07f1fbfda1,2024-01-01 15:08:04,CUST44369,email,I accidentally ordered two of the same item and I want to return one unopened one.,,Smart Watch,398.93,Singapore,resolved
ed16b38d-4157-4a3b-b07e-7b6399028ef5,2024-05-11 17:24:24,CUST48951,web,You're still charging me after I deleted my account. How is that possible?,,Smart Watch,32.64,Brazil,resolved
ca4a07bb-a1cb-44bc-8e92-6540914525c3,2024-04-23 03:13:59,CUST76936,email,A charge appeared from a month I didn't use the service at all. I need an explanation.,I've processed a full refund including return shipping costs. The amount will post in 3–5 business days.,,387.32,United Kingdom,resolved
ec0c5892-7b75-4ace-ac21-a7eb2199c864,2024-12-05 22:59:20,CUST28708,chat,I live in an apartment and couriers keep returning parcels because they can't access the building. Can I arrange pickup?,,Wireless Headphones,283.87,France,escalated
83869ad3-8ed5-4d6c-9fd9-078ded1e6336,2025-11-18 12:19:59,CUST98687,web,The product looks nothing like the photos on the website. The colour is completely different.,,Water Bottle,385.25,Netherlands,open
c658a02b-2f16-47bc-88b5-c95cf4c26593,2025-01-06 15:43:56,CUST47143,chat,How long does a refund typically take once you receive the item back at the warehouse?,,Air Purifier,350.04,Japan,open
ad976c65-8a8a-4336-a6f6-616b644e2a13,2025-10-06 11:23:46,CUST65876,chat,Can you walk me through a factory reset? I've tried the standard steps from the manual and it's not working.,I can see the payment did go through — the pending status is a display lag. Your order is confirmed.,Running Shoes,,Spain,resolved
77ad3921-675e-489f-83b3-44ab54f26268,2025-08-13 21:37:57,CUST70546,web,The button on the side stopped responding. Everything else works fine but that one button is dead.,,Desk Lamp,118.06,Australia,open
473e62d0-31e9-45b2-a2ac-6b309b0427a8,2026-01-24 10:02:45,CUST06562,web,Tracking says my item is stuck in a customs facility. What documents do I need to provide?,,Electric Toothbrush,286.55,United States,open
ae8f4b2f-c7c9-40b4-9c0f-f5fbed2bd682,2025-10-27 19:50:32,CUST27204,chat,The box arrived completely crushed. The item inside might be okay but I'm worried.,,Electric Toothbrush,378.48,Mexico,open
7df13617-4a30-431a-a824-a093d017c873,2024-05-07 05:41:08,CUST70805,chat,I ordered a gift to arrive before my daughter's birthday. It's three days late. I'm really disappointed.,,Desk Lamp,,Australia,open
1916bbb2-7b38-401b-bd14-4c8175d929f6,2024-02-01 15:49:19,CUST92327,email,My tracking shows the package left the warehouse four days ago but there's been no update since.,,Bluetooth Speaker,307.55,Japan,resolved
7d0718dc-0e4a-47e5-a474-f7ed189afda4,2024-09-11 09:37:54,CUST41904,email,The product arrived defective — it stopped working after two days. I need a full refund.,I've processed a full refund including return shipping costs. The amount will post in 3–5 business days.,Mechanical Keyboard,317.35,United Kingdom,resolved
809cd8a5-efb4-4b74-8e98-ff5daa9ddc29,2025-04-13 11:49:02,CUST91905,email,The product arrived defective — it stopped working after two days. I need a full refund.,I've merged both accounts and transferred all order history and loyalty points to your primary account.,Water Bottle,250.2,India,escalated
b8f7e999-0967-47ab-9f31-c3b7215228b3,2025-12-15 04:19:30,CUST26284,email,The stitching on this started coming apart after just two wears. Really poor quality.,,Mechanical Keyboard,427.34,Mexico,escalated
952063c4-cd81-4e76-8d5e-031c7100a30f,2025-03-09 07:11:55,CUST73799,email,The product arrived defective — it stopped working after two days. I need a full refund.,Thanks for flagging this. I've suspended any further charges while we investigate the billing error.,Yoga Mat,400.94,France,open
6fcab97e-019a-4c02-81a1-a2338de7ef31,2025-03-05 04:02:20,CUST80831,chat,I'm getting an error code E-404 when I try to connect the device to my phone. What does that mean?,,Running Shoes,358.8,Brazil,resolved
0d543574-11b3-4a9e-a9d6-0ef8b9baee9a,2024-05-24 13:16:49,CUST43634,email,"I was given a store credit instead of a cash refund, but I specifically asked for cash back to my card.",,Gaming Mouse,279.69,France,resolved
f9e9c8de-b47b-4743-b5b0-551cb499c75e,2025-02-24 20:29:47,CUST44313,chat,Can you give me an updated delivery estimate? The app says 'pending' but the order was placed two weeks ago.,"I've forwarded your firmware issue to our engineering team. As an interim step, try rolling back to the previous version using these steps: hold the reset button for 10 seconds while powering on.",Running Shoes,382.5,UAE,open
a1c81ae8-f694-464c-8b59-1d3d94fbe035,2024-06-05 03:53:05,CUST34352,chat,Can you give me an updated delivery estimate? The app says 'pending' but the order was placed two weeks ago.,I'm sorry to hear about this experience. I've initiated a full refund which should appear in 3–5 business days.,Running Shoes,322.56,Singapore,open
fdf90f20-cdb8-48a1-9b8c-a6000a289ab5,2024-01-20 01:17:14,CUST94777,chat,It's been 10 days and my package still hasn't arrived. The tracking page just says 'in transit' and hasn't updated in 4 days. What's going on?,Thanks for flagging this. I've suspended any further charges while we investigate the billing error.,Water Bottle,,Brazil,open
2f9e8691-43c8-4d7e-8a42-cd07f631306d,2024-03-24 06:41:28,CUST22941,web,"My parcel shows 'delivered' but there's nothing at my door, my mailbox, or with my neighbors. Where is it?",,Mechanical Keyboard,120.59,Netherlands,open
3894f159-0772-4c63-acb6-16a9c93d7ba1,2025-11-18 17:50:07,CUST49649,email,My package has been bouncing between two distribution centres for five days. Is this normal?,,Smart Watch,49.78,Australia,open
d4036abd-a0e5-4ea1-ba54-3e9ea11f20a8,2024-04-26 14:37:16,CUST20679,email,Is it normal for a domestic shipment to take over two weeks? I'm starting to think it's lost.,I've processed a full refund including return shipping costs. The amount will post in 3–5 business days.,Water Bottle,346.82,Spain,open
b857aaf3-8701-40c2-a7b7-9d8035ceaa3d,2024-11-03 07:14:05,CUST61832,web,Tracking says my item is stuck in a customs facility. What documents do I need to provide?,"I can confirm we've received your return. The refund will be processed once our team inspects the item, usually within 5–7 days.",Mechanical Keyboard,288.91,Germany,open
3cf4ec95-6e86-4e1d-ac68-35b8ab332d83,2025-12-29 02:19:36,CUST46488,email,Your warehouse is in my city. Why does shipping take five days?,,Running Shoes,132.68,United Kingdom,open
8c898478-5204-4187-9d21-c2fb01ff372f,2024-02-02 05:26:47,CUST49027,email,My order was cancelled without any explanation. I didn't cancel it. What happened?,,Mechanical Keyboard,408.98,United Kingdom,open
bcb55e23-5655-4c11-a068-f78e301ef149,2025-09-26 08:19:13,CUST55125,email,The instruction manual was in a language I can't read. There was no English version included.,I've applied a $10 goodwill credit to your account for the inconvenience. It'll appear automatically at your next checkout.,Laptop Stand,,United Kingdom,open
8410af72-da12-4dbb-be6c-cf9f5cb16110,2025-05-17 04:31:13,CUST16808,email,Tracking says my item is stuck in a customs facility. What documents do I need to provide?,I've resent the password reset link to the email on file. Please check your spam folder if it doesn't arrive within a few minutes.,Yoga Mat,382.4,Australia,open
a8c852ee-2c1d-45c2-a924-afaa29defc84,2024-07-22 12:31:37,CUST47710,web,"I ordered during your sale and was quoted one price, but my card was charged the regular price.",,Coffee Maker,55.67,Mexico,escalated
838e36e7-0da3-4f4f-9979-b130831477cc,2025-12-17 20:01:27,CUST12748,email,I installed the companion app but it doesn't detect the device even though it's right next to my phone.,,Smart Watch,80.87,Australia,escalated
d36eff8c-56fb-4c5f-8058-0d8ffd73b1d6,2026-02-28 12:35:37,CUST21465,web,My loyalty points disappeared after I changed my email. Can you restore them?,Thank you for reaching out. I've looked into this and I'm escalating it to our logistics team right away. You'll hear back within 24 hours.,Sunglasses,294.16,South Africa,open
37d17625-3435-4ad5-a47c-dde64c9f59cc,2024-08-18 20:02:19,CUST78755,email,I received the wrong item entirely. I ordered a blue one and got a green one. How do I return it and get the right one?,,Smart Watch,127.01,India,open
25e40703-45f8-41a7-98e3-2193c0443bee,2025-09-30 02:48:20,CUST05766,web,Can I change my delivery to a parcel locker instead of home delivery?,,,299.19,Mexico,open
63c16955-4894-4976-8cac-b35bd68bde3d,2025-11-14 23:48:19,CUST18702,email,The tracking number you sent me doesn't work on the carrier's website. Can you tell me where my package actually is?,I'm sorry the size didn't work out. I've set up an exchange for you — you'll receive a prepaid return label by email.,Bluetooth Speaker,204.77,United Kingdom,resolved
9add261a-bedc-4e1d-886b-f92abbecd837,2026-04-08 22:52:54,CUST65780,email,My account shows a balance I didn't deposit. Where did it come from and is it real credit I can use?,,Smart Watch,222.65,United Kingdom,resolved
22264941-4d5e-45c1-bd46-721a68a0db64,2024-06-05 03:10:53,CUST72400,chat,I ordered over a month ago and the status hasn't changed from 'processing'. Is this order ever going to ship?,I've resent the password reset link to the email on file. Please check your spam folder if it doesn't arrive within a few minutes.,Smart Watch,287.3,Singapore,open
1f7a72ce-170c-4c27-8961-f97aa847419e,2024-09-28 23:03:31,CUST19693,email,My package has been bouncing between two distribution centres for five days. Is this normal?,I've merged both accounts and transferred all order history and loyalty points to your primary account.,Sunglasses,450.47,Brazil,escalated
c0df2688-738f-4ae1-91af-00f6b8a09d3f,2026-04-29 02:39:20,CUST21759,chat,My account shows I'm logged in on a device I don't recognize. How do I remove it?,,Sunglasses,198.5,Brazil,open
cdd47fef-fa4a-47e9-86ba-5de1c7d9b064,2025-08-15 10:17:29,CUST95944,chat,I installed the companion app but it doesn't detect the device even though it's right next to my phone.,Thank you for the photos — I can clearly see the damage. A replacement unit will ship within 1–2 business days.,Desk Lamp,34.03,UAE,resolved
ef9e1271-888c-4f33-a062-258229c951a0,2025-03-20 14:05:28,CUST39533,email,Two of the three items in my order arrived but one is missing. The packing slip shows all three.,,Wireless Headphones,,Singapore,open
d9703815-f5d2-4fa7-a194-311dfb3613ff,2025-07-20 19:00:45,CUST21456,chat,My order was supposed to arrive by Thursday but it's now Sunday and nothing. I needed this for an event that already happened.,,Bluetooth Speaker,457.61,Mexico,open
6b9e5b60-e125-4658-bbe4-d3851f3257c2,2026-01-18 12:35:20,CUST45171,chat,I see a charge from your company on my card that I don't recognize. I didn't place any order recently.,,Gaming Mouse,404.25,France,open
9bc9e7c9-aa50-4ff9-9587-317f440ec97e,2025-09-04 22:48:21,CUST04817,chat,The refund you promised two weeks ago still hasn't appeared in my account. When will it post?,,Bluetooth Speaker,124.57,United States,resolved
b124e4ef-eb1e-4082-9e3c-4d7b92680ce7,2025-05-24 12:57:37,CUST93174,email,I never received a shipping confirmation email. My order status just says 'confirmed'.,I'm sorry to hear about this experience. I've initiated a full refund which should appear in 3–5 business days.,Yoga Mat,125.05,Netherlands,open
119c7d45-af78-4f3c-b48e-439a4c962b30,2025-12-05 17:03:54,CUST58692,web,I got a shipment notification for an order I never placed. Did someone use my account?,,Sunglasses,,France,open
ca8aca65-cb0a-4bfe-a67e-5145dd8fc5c4,2025-11-21 19:27:47,CUST35158,web,How long does a refund typically take once you receive the item back at the warehouse?,I'm sorry to hear the product didn't meet your expectations. I've raised a quality report and our team will follow up with next steps.,Phone Case,413.85,United Kingdom,resolved
162c3f6d-de7a-4e8f-98ea-83eb4831dc8f,2024-02-03 04:15:49,CUST05329,chat,Can you give me an updated delivery estimate? The app says 'pending' but the order was placed two weeks ago.,,Smart Watch,82.3,Spain,resolved
6e14add9-74a1-4a18-ba6c-2e429e525b2f,2025-03-06 17:33:19,CUST22842,chat,I got a shipment notification for an order I never placed. Did someone use my account?,I've resent the password reset link to the email on file. Please check your spam folder if it doesn't arrive within a few minutes.,Smart Watch,17.73,Germany,open
4b43e4da-9597-475d-9909-84428801fccd,2025-10-15 22:32:49,CUST81177,web,The box arrived completely crushed. The item inside might be okay but I'm worried.,,Mechanical Keyboard,,Singapore,escalated
d9369bf9-45b7-409b-9973-4d8ebc0af2f2,2026-03-21 01:06:37,CUST47007,web,I followed the setup guide but the device won't connect to my Wi-Fi. It keeps saying 'network not found'.,,Electric Toothbrush,450.64,France,resolved
797fd7c4-4d15-4ca5-b4fe-7dbbdc76445f,2024-04-12 00:48:40,CUST24998,email,The return shipping label you sent me is expired. Can you generate a new one?,,Yoga Mat,220.8,Singapore,resolved
212d5928-8a72-4f88-847c-df2088324946,2024-11-30 00:38:27,CUST67365,web,The Bluetooth on this device disconnects constantly. I've tried re-pairing it multiple times.,,Gaming Mouse,134.9,Canada,resolved
f78f9fa1-cc26-414c-a942-3db2e780eb83,2026-01-06 17:59:18,CUST11116,chat,The item broke within the warranty period. Do I return it or is there a repair service?,,Mechanical Keyboard,285.22,South Africa,open
dd8f572c-bb77-4809-9892-8b667dd1faef,2025-07-03 07:05:30,CUST60494,chat,I can't update my shipping address in the account settings — the save button doesn't do anything.,Your package was marked delivered in error. I've opened a trace with the carrier — we'll update you within 48 hours.,Water Bottle,424.23,France,open
d58e1fa1-7771-4567-8d25-799ce4df1820,2025-03-08 17:46:32,CUST93689,email,I live in an apartment and couriers keep returning parcels because they can't access the building. Can I arrange pickup?,,Running Shoes,98.4,Japan,resolved
4d5a4cc8-6da1-4620-9a1f-12ba4191bc2f,2025-06-11 21:34:53,CUST50229,email,I got a shipment notification for an order I never placed. Did someone use my account?,I've merged both accounts and transferred all order history and loyalty points to your primary account.,Phone Case,115.42,India,open
ac9cfa2b-63ed-412e-8557-3529be5f9a64,2024-09-01 12:38:35,CUST54599,chat,"My parcel shows 'delivered' but there's nothing at my door, my mailbox, or with my neighbors. Where is it?",I can see the payment did go through — the pending status is a display lag. Your order is confirmed.,Wireless Headphones,227.13,India,open
bb110a48-b6a0-4c83-9cf1-08a99ae2b830,2025-11-17 16:36:06,CUST64381,chat,Your courier left a 'missed delivery' note but I was home all day. Now I can't find a redelivery option on their site.,Your package was marked delivered in error. I've opened a trace with the carrier — we'll update you within 48 hours.,Laptop Stand,32.25,India,escalated
2eaaaed5-4046-4aa3-b013-d8356a307714,2024-03-26 02:25:10,CUST03432,email,I paid with PayPal but the order confirmation says payment pending. Did the payment go through or not?,Thank you for reaching out. I've looked into this and I'm escalating it to our logistics team right away. You'll hear back within 24 hours.,Gaming Mouse,196.3,Japan,open
6c1158dc-64f6-44e9-89f9-2787a28cc0ed,2025-07-04 04:18:33,CUST16060,email,The order confirmation shows the wrong city in the shipping address. Please fix it urgently.,,Mechanical Keyboard,323.67,Germany,open
8f312c4b-d0b7-475a-b6ba-7fdb2dd2fa13,2024-02-02 09:35:19,CUST52975,chat,Is it normal for a domestic shipment to take over two weeks? I'm starting to think it's lost.,Thank you for the photos — I can clearly see the damage. A replacement unit will ship within 1–2 business days.,Phone Case,162.03,France,open
fda6bece-50e4-4c28-adfd-9e633b4ff6c6,2024-09-18 04:26:30,CUST18188,chat,"I was given a store credit instead of a cash refund, but I specifically asked for cash back to my card.",I've removed the incorrect VAT and issued a corrected invoice to your billing email.,Air Purifier,81.76,Australia,open
8f23dc42-d97f-44df-9049-55d0d346ae6a,2024-08-25 11:23:55,CUST12779,email,I received an order confirmation but my payment hasn't been debited. Is the order actually placed?,,Wireless Headphones,316.02,Mexico,escalated
9249f92e-5b62-42c6-a71a-3eb67be01796,2025-05-06 02:30:44,CUST27177,email,I cancelled my subscription three weeks ago and I've just been charged again this month. Please reverse it.,,Phone Case,231.44,United States,open
73e45f91-c589-46a1-a014-9d5f1e8abbcf,2025-03-21 23:00:27,CUST11998,chat,The order confirmation shows the wrong city in the shipping address. Please fix it urgently.,,Wireless Headphones,306.45,Netherlands,open
a33b38da-ae34-42d0-99a7-e780e5146344,2024-04-06 02:49:07,CUST71518,email,My package was apparently delivered to the wrong address according to the carrier. What do I do now?,I've processed a store credit for the full amount. It's now available in your account balance.,Laptop Stand,87.79,France,escalated
371341bc-274e-47a0-bae3-976fb7eee30f,2025-08-24 19:56:10,CUST65905,chat,I never received a shipping confirmation email. My order status just says 'confirmed'.,,Sunglasses,331.72,Spain,resolved
6ec34b44-8555-4037-b239-32cb46062de4,2024-08-21 14:19:26,CUST51925,chat,I installed the companion app but it doesn't detect the device even though it's right next to my phone.,I've processed a full refund including return shipping costs. The amount will post in 3–5 business days.,Sunglasses,325.31,France,resolved
56f93324-c588-4651-b8bf-029cd0a46789,2026-03-28 17:21:58,CUST16850,chat,The order confirmation shows the wrong city in the shipping address. Please fix it urgently.,,Desk Lamp,121.01,Canada,open
6133377f-dca2-45ce-b692-64b960fd69e8,2025-04-04 11:55:43,CUST18880,email,The box arrived completely crushed. The item inside might be okay but I'm worried.,,Air Purifier,387.84,Singapore,escalated
95c30e28-7b3b-47c6-887d-56fedc0df7c3,2025-11-10 21:38:50,CUST06537,email,I received an order confirmation but my payment hasn't been debited. Is the order actually placed?,I've cancelled your order as requested. You won't be charged and any pending holds will clear within 2–3 business days.,Desk Lamp,452.95,Australia,open
24b53d09-cc78-4682-90b1-9caad8ca62d7,2025-11-15 10:39:42,CUST74688,email,I paid for express shipping and it's been a week. That's not express. I want a refund on the shipping charge at minimum.,,Air Purifier,35.57,Brazil,resolved
23f43a51-8f94-46c0-8d54-d8fada971efb,2024-06-08 08:49:20,CUST81412,chat,I paid for express shipping and it's been a week. That's not express. I want a refund on the shipping charge at minimum.,,Electric Toothbrush,231.05,France,escalated
ee4cc59f-6543-465b-b3b8-f533eed31632,2025-10-06 12:28:40,CUST06853,chat,Your courier left a 'missed delivery' note but I was home all day. Now I can't find a redelivery option on their site.,Thank you for reaching out. I've looked into this and I'm escalating it to our logistics team right away. You'll hear back within 24 hours.,Phone Case,328.48,Singapore,open
27d815d9-969d-424c-9669-dd8b2980dc69,2024-02-29 12:02:47,CUST47277,email,The carrier says 'address not found' but I've received packages here before. This makes no sense.,Thank you for your patience. I've updated your shipping address — the order hasn't left the warehouse yet so the change went through.,Laptop Stand,308.35,India,open
e7bcf4ad-5dbc-4fe7-bbcf-a89c0f0f16fa,2025-03-23 13:12:19,CUST34103,email,I can't find my order in my account. I have the confirmation email but it's not showing in my history.,I've removed the incorrect VAT and issued a corrected invoice to your billing email.,Mechanical Keyboard,319.66,UAE,open
5d65e039-3b5c-4edb-a227-dee7365a6b3f,2024-08-11 00:55:57,CUST46095,chat,The voice assistant feature keeps activating randomly. It's waking me up at night.,Your package was marked delivered in error. I've opened a trace with the carrier — we'll update you within 48 hours.,Bluetooth Speaker,,Netherlands,resolved
1f189cc1-e12e-4a60-a474-abc570bd04c0,2026-02-27 13:32:30,CUST80670,email,How long does a refund typically take once you receive the item back at the warehouse?,Thank you for reaching out. I've looked into this and I'm escalating it to our logistics team right away. You'll hear back within 24 hours.,Phone Case,369.14,South Africa,open
dc9b178f-0c13-4129-9311-0fea08099a5a,2025-05-31 13:11:32,CUST20585,web,I never received a shipping confirmation email. My order status just says 'confirmed'.,,Running Shoes,99.32,Canada,open
f93ffbe4-fa57-4010-989e-6da890055412,2025-12-11 23:31:53,CUST04303,web,You're still charging me after I deleted my account. How is that possible?,,Water Bottle,134.12,Singapore,resolved
7daaf20d-cb8e-4044-9aed-8b429e46d0a7,2025-03-20 10:59:14,CUST50541,web,I want to cancel my order. It hasn't shipped yet so this should be straightforward.,,Electric Toothbrush,176.13,Canada,open
35f3b842-81d8-4f22-a355-3f9f7deb3992,2026-02-11 21:00:59,CUST58416,chat,I ordered over a month ago and the status hasn't changed from 'processing'. Is this order ever going to ship?,,Phone Case,154.86,Brazil,resolved
f2823ab9-be6e-4bfc-b260-b33352ecdfa2,2025-10-23 22:45:31,CUST27570,email,"I initiated a return and got a confirmation, but I've heard nothing since. What's the status?",,Wireless Headphones,474.47,United Kingdom,resolved
ab81a47c-4256-4edb-9e77-0aab54780d67,2025-09-23 00:36:54,CUST58202,web,I can't find my order in my account. I have the confirmation email but it's not showing in my history.,I've confirmed your order details and can see the issue. A replacement has been dispatched — you'll receive tracking info shortly.,Wireless Headphones,197.6,UAE,open
a5416ef9-e6d2-4847-ae9d-0cef58af9298,2024-08-26 08:35:21,CUST75571,email,I was told returns are free but the portal is asking me to pay $12 for return shipping. That's not right.,I've merged both accounts and transferred all order history and loyalty points to your primary account.,Phone Case,,Canada,open
583eccd1-1916-42ce-95e3-129bd84cac97,2025-08-24 03:56:06,CUST81447,chat,I cancelled my subscription three weeks ago and I've just been charged again this month. Please reverse it.,,Smart Watch,427.88,Brazil,open
e827c37f-58a5-407f-9d68-87c95595103e,2025-11-22 10:56:52,CUST15518,email,I can't find an option to download my past invoices. I need them for a tax return.,,Electric Toothbrush,95.3,France,resolved
af1c421b-481b-455d-9633-1e2aa07fe77a,2024-07-07 12:43:12,CUST32370,chat,"I was given a store credit instead of a cash refund, but I specifically asked for cash back to my card.",,Air Purifier,52.25,Germany,open
463da6be-c0cd-419d-b737-eb1d55c84dd8,2026-01-13 13:55:43,CUST86691,chat,Your return portal says my order isn't eligible for return but it's within the 30-day window. Please help.,,Wireless Headphones,72.88,Mexico,resolved
a8ceca6c-ff0c-4255-b8b7-b7466a8dfe70,2024-10-09 16:04:38,CUST26801,email,There's an unexplained $5 fee on my invoice. What is that for?,Thank you for reporting this. I've removed the unrecognised device from your account and sent a security alert to your email.,Smart Watch,471.04,Spain,open
822cf806-5e67-4873-84d5-8a202879ea55,2024-05-02 12:06:37,CUST43842,email,My tracking shows the package left the warehouse four days ago but there's been no update since.,,Mechanical Keyboard,332.78,Japan,escalated
64c85c23-ded0-4565-b76d-69b213f4dc36,2025-06-08 11:22:13,CUST90010,web,The price I was shown at checkout was different from what appeared on the final confirmation. By about $12.,,Gaming Mouse,24.84,Spain,resolved
a43060f0-9cad-40f8-8f7e-6e9b1cf48c82,2025-03-25 23:44:31,CUST47364,email,"My parcel shows 'delivered' but there's nothing at my door, my mailbox, or with my neighbors. Where is it?",Your case has been escalated to our technical team. They'll reach out within 48 hours with a solution.,Smart Watch,80.4,Mexico,resolved
e600a72c-6974-44d3-9d8f-faf26e4cbcde,2025-06-20 12:20:51,CUST62588,chat,I see a charge from your company on my card that I don't recognize. I didn't place any order recently.,,Smart Watch,34.8,India,resolved
0a291e7b-cbd3-4edd-b902-687da95a0c20,2025-10-11 13:11:35,CUST32595,chat,My tracking shows the package left the warehouse four days ago but there's been no update since.,,Yoga Mat,253.71,United Kingdom,escalated
373c0d7c-c083-4f59-846d-f6c2a9c600f2,2026-02-24 04:20:07,CUST73395,chat,I'm trying to update my payment method and the page keeps timing out. My subscription is about to lapse.,,Wireless Headphones,150.02,United States,resolved
1e523821-1a25-4b17-bc79-a721a65081ae,2025-10-31 10:09:06,CUST24565,chat,Your warehouse is in my city. Why does shipping take five days?,,Laptop Stand,199.31,Brazil,resolved
cb583152-86a7-4297-a224-d7db3a37eb4d,2025-03-10 12:44:33,CUST99121,chat,"My refund was only partial. The full amount should have been returned, not just part of it.",,Air Purifier,259.47,Netherlands,open
272636a3-d5ed-4420-83ae-4a42be006ec6,2024-03-01 10:49:04,CUST25787,chat,The tracking number you sent me doesn't work on the carrier's website. Can you tell me where my package actually is?,I've updated your subscription to the correct plan and issued a pro-rated refund for the difference.,Gaming Mouse,372.27,Germany,resolved
e6c7c004-fa11-4655-b611-30dffa4170fc,2026-02-27 02:04:24,CUST88794,email,Can you give me an updated delivery estimate? The app says 'pending' but the order was placed two weeks ago.,Your package was marked delivered in error. I've opened a trace with the carrier — we'll update you within 48 hours.,Gaming Mouse,400.41,Japan,resolved
4d4d9ff8-113a-46e8-8b57-7ed33f680330,2024-02-11 09:28:40,CUST97499,chat,It's been 10 days and my package still hasn't arrived. The tracking page just says 'in transit' and hasn't updated in 4 days. What's going on?,,Wireless Headphones,389.56,India,open
f275447c-df24-44b6-9389-2c6117d04c75,2025-01-11 05:44:32,CUST09130,email,After charging overnight the battery is still showing 40%. Is the charging port defective?,I've processed a full refund including return shipping costs. The amount will post in 3–5 business days.,Laptop Stand,461.06,Mexico,resolved
9022b295-f769-4fa5-81bc-94b5f75233bc,2024-04-06 18:00:52,CUST28385,web,The product smells strongly of chemicals. Is that normal? It doesn't seem safe.,,Air Purifier,271.23,Netherlands,open
38e8f057-f47b-4c14-8621-bcc7ea846bf9,2025-02-14 16:08:11,CUST97334,email,I paid with PayPal but the order confirmation says payment pending. Did the payment go through or not?,,Desk Lamp,111.57,Japan,open
8792820b-5de4-4e23-b3c4-dd86e026d5cd,2026-01-15 08:22:05,CUST58441,email,I returned the item but the tracking shows it was delivered to your warehouse six days ago. No refund yet.,,Bluetooth Speaker,404.26,Germany,open
0c5a798f-eb9d-4f4e-9e6c-f81b603ba719,2024-05-02 18:25:51,CUST57473,chat,Can you send a proper receipt to my email? The one I got doesn't show the item breakdown.,,Air Purifier,373.04,Australia,open
557d7d35-a51f-4f14-b244-8d421aa26320,2026-04-04 22:39:42,CUST33016,chat,My order confirmation shows one item but I thought I added two to my cart. Can you check?,I can see the payment did go through — the pending status is a display lag. Your order is confirmed.,Laptop Stand,87.39,South Africa,escalated
6f6520e6-77ef-400e-b4bc-396d8bf47cf5,2026-01-08 23:22:05,CUST73454,email,"I ordered two items together and they shipped separately. One arrived fine, the other is nowhere to be found.",,Running Shoes,468.97,Spain,escalated
e4ca8979-1427-4b46-a304-24d5de707827,2025-10-11 03:52:52,CUST20672,web,I paid with PayPal but the order confirmation says payment pending. Did the payment go through or not?,,,62.58,France,open
97d37faf-6f09-4ce9-ab32-c073d34addc4,2026-04-23 23:42:36,CUST87287,chat,I ordered a gift to arrive before my daughter's birthday. It's three days late. I'm really disappointed.,"I've forwarded your firmware issue to our engineering team. As an interim step, try rolling back to the previous version using these steps: hold the reset button for 10 seconds while powering on.",Sunglasses,16.9,France,resolved
321cf279-9253-40f1-8a5b-27e746337b9e,2024-10-27 01:34:29,CUST29668,chat,My account shows I'm logged in on a device I don't recognize. How do I remove it?,,Air Purifier,468.55,United States,open
b3c28904-a180-4a58-b9fa-191fb1c5b6b3,2024-12-31 20:52:07,CUST74549,email,My package has been bouncing between two distribution centres for five days. Is this normal?,I've resent the password reset link to the email on file. Please check your spam folder if it doesn't arrive within a few minutes.,Coffee Maker,238.04,Canada,open
248d3e00-dd5f-4a2e-8e6b-474642c28249,2026-02-19 15:19:15,CUST41459,chat,The estimated delivery window on my confirmation said 3–5 days. It's been 11 days. Nobody is responding to my emails.,,Mechanical Keyboard,353.95,Spain,open
500f1ac8-1814-4004-a734-a765aa09cdda,2026-04-15 00:06:42,CUST33918,email,I dropped the item off at the carrier three weeks ago and my refund still hasn't processed.,Thank you for the photos — I can clearly see the damage. A replacement unit will ship within 1–2 business days.,Water Bottle,257.69,UAE,resolved
3be2fe70-17cf-4294-bf0b-8e283eec8d59,2024-09-12 14:23:23,CUST58713,email,The stitching on this started coming apart after just two wears. Really poor quality.,I'm sorry about the delayed shipment. I've submitted a carrier investigation request on your behalf.,Coffee Maker,261.49,Brazil,resolved
f9a160c9-bf0e-4cae-9dc6-6855e9773a3b,2025-12-19 06:42:45,CUST40640,email,Your warehouse is in my city. Why does shipping take five days?,I've resent the password reset link to the email on file. Please check your spam folder if it doesn't arrive within a few minutes.,Laptop Stand,467.95,United Kingdom,escalated
f391f71c-85b8-4d16-a364-a5cdfab2e2aa,2026-01-03 08:05:24,CUST04622,email,My account shows I'm logged in on a device I don't recognize. How do I remove it?,I've located your missing item — it was shipped separately and should arrive within 2 days.,Water Bottle,194.97,United Kingdom,resolved
c07cd20c-0548-4c9a-b084-5f2820f498d2,2026-04-17 18:34:16,CUST25128,chat,I ordered a gift to arrive before my daughter's birthday. It's three days late. I'm really disappointed.,,Coffee Maker,489.46,Brazil,resolved
d588310a-bfc7-407f-afd8-f1359a811d14,2026-04-25 18:23:36,CUST68633,email,"My parcel shows 'delivered' but there's nothing at my door, my mailbox, or with my neighbors. Where is it?","I've confirmed your cancellation. If the package ships before the cancellation processes, you can refuse delivery for a full refund.",Desk Lamp,406.64,India,resolved
d5735d19-c030-429f-9d7b-cecc35fe89ed,2024-01-25 07:19:03,CUST33119,chat,I ordered over a month ago and the status hasn't changed from 'processing'. Is this order ever going to ship?,I'm sorry to hear about this experience. I've initiated a full refund which should appear in 3–5 business days.,Smart Watch,379.65,Singapore,open
cbb92b4c-1a13-493f-9fef-74ed54984d2c,2026-02-21 18:35:55,CUST43959,email,I want to return a gift I received. I don't have an order number — only the packing slip.,I've located your missing item — it was shipped separately and should arrive within 2 days.,Wireless Headphones,212.64,Germany,open
f5a0f126-24e7-43ee-95a2-7c7304a8b71b,2024-09-29 01:26:18,CUST68705,web,I dropped the item off at the carrier three weeks ago and my refund still hasn't processed.,,Gaming Mouse,156.95,Canada,resolved
07dc0f62-9fc7-4601-9bff-e5c90f9d159a,2026-01-05 14:03:40,CUST33427,web,The voice assistant feature keeps activating randomly. It's waking me up at night.,,Air Purifier,134.95,France,resolved
479eb830-8c17-4347-b4d1-3420235bfff5,2025-11-29 17:16:05,CUST51830,chat,I ordered a gift to arrive before my daughter's birthday. It's three days late. I'm really disappointed.,,Desk Lamp,339.01,Australia,open
c8892fdd-2526-4b61-a9d8-7baebdfe35d3,2025-06-01 05:48:33,CUST40331,email,There's a visible scratch on the product. It looks like it was returned and resold as new.,,Running Shoes,458.41,Netherlands,open
e02b4a20-34ed-41f6-a508-999d9ef76ce6,2025-03-15 17:12:42,CUST67854,chat,I changed my email address but the verification email went to the old address I no longer have access to.,,Running Shoes,421.47,Spain,open
8ad4cb0f-694b-493b-ab14-81eb8b68f73c,2025-05-01 02:34:42,CUST60932,chat,Your website is extremely slow on mobile. Pages take 15+ seconds to load and sometimes just white-screen.,Thank you for your patience. I've updated your shipping address — the order hasn't left the warehouse yet so the change went through.,Gaming Mouse,130.41,Netherlands,resolved
e230e64b-cc48-4fbd-8424-b64c86a43a8c,2025-06-08 09:18:31,CUST47772,email,"The product doesn't fit. I'd like to exchange it for a different size, not a refund.","I've forwarded your firmware issue to our engineering team. As an interim step, try rolling back to the previous version using these steps: hold the reset button for 10 seconds while powering on.",Air Purifier,275.65,South Africa,escalated
6e80b038-66e2-45e8-9fb6-0f4c76a52e15,2026-03-24 22:03:49,CUST01006,chat,You charged me in USD but I'm in Canada. My bank converted it at a terrible rate. Why wasn't I charged in CAD?,I apologise for the inconvenience. I've flagged this with our warehouse team and we'll get back to you within one business day.,,192.87,UAE,resolved
9d180fba-8e62-43e6-982f-9ea2278b89c3,2026-01-20 15:09:23,CUST70088,email,Can you give me an updated delivery estimate? The app says 'pending' but the order was placed two weeks ago.,,Sunglasses,,Mexico,resolved
37e8a431-c580-4725-b925-a995e1973df5,2025-10-30 20:55:57,CUST21182,chat,My discount code didn't apply at checkout but I was still charged full price. Can you adjust the total?,,Gaming Mouse,,India,open
169c2359-ad20-4214-9fd4-803d004661e0,2025-01-12 19:26:50,CUST34101,email,"I initiated a return and got a confirmation, but I've heard nothing since. What's the status?",,Coffee Maker,50.52,Mexico,open
977198d9-bfab-4e86-9b4a-4744a9ddd5e5,2025-05-29 14:39:49,CUST91803,chat,The stitching on this started coming apart after just two wears. Really poor quality.,"I've confirmed your cancellation. If the package ships before the cancellation processes, you can refuse delivery for a full refund.",Electric Toothbrush,276.09,South Africa,open
05e7cb5f-c3c0-4ae2-b7da-71b3b6c5819d,2025-05-03 12:50:21,CUST03926,web,My account shows a balance I didn't deposit. Where did it come from and is it real credit I can use?,I've cancelled your order as requested. You won't be charged and any pending holds will clear within 2–3 business days.,Water Bottle,449.3,France,open
7ec9540e-c8ca-4716-9f88-b74165a3ca96,2024-08-05 09:44:10,CUST18501,email,I ordered a gift to arrive before my daughter's birthday. It's three days late. I'm really disappointed.,I can see the payment did go through — the pending status is a display lag. Your order is confirmed.,Mechanical Keyboard,389.04,United States,resolved
1db0c3e8-a760-44f0-94eb-a1924eda698c,2025-11-30 21:43:43,CUST73586,email,I want to return this item. It's not what I expected from the product photos.,I've updated your subscription to the correct plan and issued a pro-rated refund for the difference.,Smart Watch,50.2,Canada,open
7c425ec5-6f24-4cf6-b8f7-37ced4821ac3,2024-08-27 15:51:33,CUST65511,chat,I'm trying to update my payment method and the page keeps timing out. My subscription is about to lapse.,,Phone Case,101.82,Brazil,resolved
2988d810-4721-42ae-986d-89b5eedf049d,2026-03-07 01:10:46,CUST61015,email,"My refund was only partial. The full amount should have been returned, not just part of it.",,,391.79,Japan,escalated
fa4b4fdf-5a21-4e83-83a7-8bbc34a7f0bb,2025-01-12 02:05:49,CUST98262,chat,You charged me in USD but I'm in Canada. My bank converted it at a terrible rate. Why wasn't I charged in CAD?,I apologise for the inconvenience. I've flagged this with our warehouse team and we'll get back to you within one business day.,Gaming Mouse,156.88,Singapore,open
090ab24a-9bc2-4899-a3ca-c4519053ab16,2025-01-26 00:02:46,CUST37993,email,The delivery driver left my package in the rain and everything inside is damaged. I have photos.,I've applied a $10 goodwill credit to your account for the inconvenience. It'll appear automatically at your next checkout.,Mechanical Keyboard,432.48,Brazil,open
748d49f8-7fb0-4d85-afa8-697b298c4869,2024-07-30 11:05:17,CUST45937,chat,The product stopped turning on after the last firmware update. Now it's just a brick.,,Running Shoes,484.2,Singapore,open
67fa41c0-ffa1-4542-bde8-87487cbc0b72,2025-08-07 04:21:28,CUST46519,chat,My package has been bouncing between two distribution centres for five days. Is this normal?,,Running Shoes,357.1,Brazil,resolved
afd405d0-fbe9-456a-b20b-2631b0ee2c9a,2024-04-17 10:25:19,CUST67243,chat,My order was supposed to arrive by Thursday but it's now Sunday and nothing. I needed this for an event that already happened.,,Phone Case,302.99,UAE,open
0dc736a4-2145-4e32-8245-a05c8e9b8edf,2026-02-25 23:53:17,CUST68058,email,The order confirmation shows the wrong city in the shipping address. Please fix it urgently.,I've cancelled your order as requested. You won't be charged and any pending holds will clear within 2–3 business days.,Bluetooth Speaker,310.21,UAE,escalated
dc98327b-2ddf-497d-b305-35b2157ea8dc,2025-09-12 18:49:45,CUST56101,chat,I cancelled my subscription three weeks ago and I've just been charged again this month. Please reverse it.,,Desk Lamp,348.31,Canada,open
e52cba0d-89e9-4b0a-a940-58814c6fa1e2,2024-02-08 03:45:43,CUST71461,chat,My package was apparently delivered to the wrong address according to the carrier. What do I do now?,Thank you for reporting this. I've removed the unrecognised device from your account and sent a security alert to your email.,Smart Watch,180.67,United Kingdom,open
b0817051-d35b-4d71-9b3f-962107413cfb,2025-12-03 20:27:14,CUST51401,chat,I received the wrong item entirely. I ordered a blue one and got a green one. How do I return it and get the right one?,,Air Purifier,372.84,Netherlands,open
42e30853-306d-45d3-abbd-6e1f631874d1,2024-09-05 18:17:31,CUST58673,web,"My parcel shows 'delivered' but there's nothing at my door, my mailbox, or with my neighbors. Where is it?",Your package was marked delivered in error. I've opened a trace with the carrier — we'll update you within 48 hours.,Coffee Maker,442.72,Brazil,resolved
ba61bf7a-3f54-4ec2-ba0e-689d2271785f,2025-08-27 00:50:55,CUST03341,email,I got a shipment notification for an order I never placed. Did someone use my account?,Thank you for your patience. I've updated your shipping address — the order hasn't left the warehouse yet so the change went through.,Sunglasses,249.85,South Africa,open
ed2255aa-e057-446a-ae67-287e9d2a4492,2025-08-26 17:31:18,CUST96915,chat,Can I split my order into two shipments — one to my home and one to my office?,,Running Shoes,460.15,UAE,open
101339ed-1ae9-46f0-8d06-e33bf92e3c13,2024-07-27 01:56:05,CUST51341,chat,I moved recently and I think I gave the wrong address. Can you update the shipping address before it goes out?,,Air Purifier,217.29,Brazil,resolved
ffc3b263-827b-48aa-8f02-1ca3f972d628,2024-09-26 02:39:41,CUST82742,chat,I placed a bulk order for my company and need to update the billing details. Who do I contact?,,Coffee Maker,105.61,India,escalated
4c3b37fb-bee8-4311-93e6-aeb325c5f75f,2026-02-24 04:05:42,CUST76767,email,Can you give me an updated delivery estimate? The app says 'pending' but the order was placed two weeks ago.,,Smart Watch,144.68,Netherlands,open
5f49d27d-ae57-4fe9-b162-5d3dba48a124,2025-12-11 10:10:37,CUST97881,email,I paid with PayPal but the order confirmation says payment pending. Did the payment go through or not?,,Bluetooth Speaker,380.83,Singapore,resolved
93ad6af5-a72b-479b-8381-8d5480799b1a,2026-04-28 17:31:35,CUST36134,web,Tracking says my item is stuck in a customs facility. What documents do I need to provide?,,Water Bottle,433.99,United Kingdom,resolved
cfa841a2-f706-4127-83a4-a9759303692b,2025-01-03 01:59:21,CUST39596,chat,It's been 10 days and my package still hasn't arrived. The tracking page just says 'in transit' and hasn't updated in 4 days. What's going on?,,Desk Lamp,,France,resolved
7fc2da38-a0a2-48d5-b4d4-32af45872956,2026-04-16 22:44:50,CUST25449,chat,It's been 10 days and my package still hasn't arrived. The tracking page just says 'in transit' and hasn't updated in 4 days. What's going on?,I can see the payment did go through — the pending status is a display lag. Your order is confirmed.,Electric Toothbrush,,Germany,resolved
132f5eb7-ad42-4105-8f97-ade584c4f9b1,2024-07-16 02:44:01,CUST23253,email,Can you walk me through a factory reset? I've tried the standard steps from the manual and it's not working.,,Sunglasses,193.83,United Kingdom,resolved
dc261884-9adf-4491-96e0-d716e9479e3b,2024-05-24 14:49:30,CUST68457,web,The return shipping label you sent me is expired. Can you generate a new one?,,Water Bottle,368.16,Brazil,resolved
4c8fa3c9-6f54-480b-8c15-2e1da038850c,2025-07-10 11:30:40,CUST18636,web,The size is way off from what the size chart says. I measured carefully before ordering.,I've removed the incorrect VAT and issued a corrected invoice to your billing email.,Laptop Stand,287.41,Brazil,resolved
b57adeee-9506-40b8-a837-b6241121a850,2024-03-16 04:49:41,CUST01701,web,I live in an apartment and couriers keep returning parcels because they can't access the building. Can I arrange pickup?,,,109.14,Japan,escalated
d364f01d-600c-41e9-a04f-9b0d81fc0570,2025-04-13 22:21:42,CUST24154,chat,I live in an apartment and couriers keep returning parcels because they can't access the building. Can I arrange pickup?,I've merged both accounts and transferred all order history and loyalty points to your primary account.,Running Shoes,220.32,United Kingdom,resolved
eff83646-357d-4dd1-814d-39042d3d259d,2024-01-02 16:30:01,CUST37129,chat,I was given a different order number in two emails about the same purchase. Which one is correct?,I've processed a full refund including return shipping costs. The amount will post in 3–5 business days.,Phone Case,216.93,Canada,open
e1a389f8-c820-4e2a-85f6-d65907287299,2024-12-21 15:45:28,CUST61115,chat,My account shows a balance I didn't deposit. Where did it come from and is it real credit I can use?,I can see the payment did go through — the pending status is a display lag. Your order is confirmed.,Water Bottle,496.54,Canada,open
cd25d4db-98a7-4155-b10f-6e1114628fbe,2024-01-14 03:57:40,CUST92753,email,Two of the three items in my order arrived but one is missing. The packing slip shows all three.,,Yoga Mat,52.48,United Kingdom,open
20a8cb5f-d2d2-4556-9148-f35c554dda95,2024-07-10 07:38:02,CUST96565,web,The invoice I received has the wrong VAT number on it. I need a corrected invoice for my accounting.,I've confirmed your order details and can see the issue. A replacement has been dispatched — you'll receive tracking info shortly.,Mechanical Keyboard,307.72,Singapore,escalated
e634f212-07e4-4254-9ba3-170dc2b8fb6f,2024-02-11 16:05:10,CUST43898,chat,The button on the side stopped responding. Everything else works fine but that one button is dead.,I'm sorry to hear about this experience. I've initiated a full refund which should appear in 3–5 business days.,Desk Lamp,252.49,United Kingdom,open
3b2fa378-8365-465f-896f-a7c45157b376,2024-04-20 07:31:09,CUST80552,chat,The product won't charge unless I hold the cable at a specific angle. Sounds like a hardware defect to me.,Your package was marked delivered in error. I've opened a trace with the carrier — we'll update you within 48 hours.,Yoga Mat,387.48,United States,resolved
d4e33a53-14c0-486d-a9c8-f3ac52f399a4,2024-01-22 10:15:22,CUST43006,email,I forgot my password and the reset email never arrived. I've checked spam and it's not there.,,Gaming Mouse,272.92,UAE,open
b5bcd6f1-7a1a-42b2-a41d-b0b5a89b2e88,2024-05-09 20:43:29,CUST41832,email,I'm getting an error code E-404 when I try to connect the device to my phone. What does that mean?,,Wireless Headphones,42.4,Japan,open
fcda1502-b7b0-4c53-a29d-eb37c9b46e17,2025-01-05 17:02:48,CUST03161,email,I got a shipment notification for an order I never placed. Did someone use my account?,"I've forwarded your firmware issue to our engineering team. As an interim step, try rolling back to the previous version using these steps: hold the reset button for 10 seconds while powering on.",Air Purifier,356.87,Japan,open
0a9edc95-709e-4648-8618-335a1eff70f0,2026-02-10 03:36:55,CUST58842,chat,I see a charge from your company on my card that I don't recognize. I didn't place any order recently.,,Electric Toothbrush,,Singapore,open
bf48b91a-9dba-47c9-8a64-2f4212916b64,2026-03-24 18:42:02,CUST14917,email,I returned the item but the tracking shows it was delivered to your warehouse six days ago. No refund yet.,Thanks for flagging this. I've suspended any further charges while we investigate the billing error.,Bluetooth Speaker,388.93,Spain,resolved
5287e6bb-9d18-4f38-8412-1481d34cc1d2,2024-06-28 03:56:54,CUST38000,chat,I want to cancel my order. It hasn't shipped yet so this should be straightforward.,"I've confirmed your cancellation. If the package ships before the cancellation processes, you can refuse delivery for a full refund.",Electric Toothbrush,27.33,Singapore,escalated
6439bf71-f81a-4ea4-85e2-444c46bdb19d,2025-10-13 11:13:15,CUST35365,chat,I ordered over a month ago and the status hasn't changed from 'processing'. Is this order ever going to ship?,,Wireless Headphones,97.88,Singapore,resolved
5b3d9ed5-ed6c-4761-b80e-4ca282157b76,2024-03-12 08:20:31,CUST61744,chat,I want to add an item to my existing order to save on shipping. Is that possible?,Thank you for your patience. I've updated your shipping address — the order hasn't left the warehouse yet so the change went through.,Desk Lamp,315.13,Brazil,open
c0988ad8-e0f9-411e-be86-09e991c08c34,2026-02-05 09:49:08,CUST38320,web,The estimated delivery window on my confirmation said 3–5 days. It's been 11 days. Nobody is responding to my emails.,I've resent the password reset link to the email on file. Please check your spam folder if it doesn't arrive within a few minutes.,Running Shoes,475.99,United States,resolved
2c0b4f87-480b-4a78-8b62-8de128c2a018,2025-08-07 12:32:32,CUST41383,email,"My parcel shows 'delivered' but there's nothing at my door, my mailbox, or with my neighbors. Where is it?",,Sunglasses,461.42,Spain,resolved
70d0d14d-b3fc-4b99-add5-10ef92948c37,2025-10-03 15:52:25,CUST57191,email,The product stopped turning on after the last firmware update. Now it's just a brick.,Thank you for the photos — I can clearly see the damage. A replacement unit will ship within 1–2 business days.,Wireless Headphones,126.02,Germany,resolved
26317f60-df54-4959-938f-b44ce79430c5,2025-09-02 10:20:14,CUST55743,chat,Two of the three items in my order arrived but one is missing. The packing slip shows all three.,I can see the payment did go through — the pending status is a display lag. Your order is confirmed.,Air Purifier,230.29,France,open
2074fb76-50de-4b9d-91d1-a0617ecc0ccf,2026-04-12 12:42:55,CUST53747,chat,I ordered a gift to arrive before my daughter's birthday. It's three days late. I'm really disappointed.,I'm sorry the size didn't work out. I've set up an exchange for you — you'll receive a prepaid return label by email.,Water Bottle,305.62,Australia,resolved
d1d5dec8-0b20-40da-9f4f-13b4c37b27f7,2025-05-24 05:02:00,CUST21356,email,I need to split this payment across two cards. Is that something you support?,"I can confirm we've received your return. The refund will be processed once our team inspects the item, usually within 5–7 days.",,231.58,Japan,resolved
9d905d59-8165-43e4-9426-96fa72648de3,2024-05-27 03:36:51,CUST71210,chat,I'm trying to update my payment method and the page keeps timing out. My subscription is about to lapse.,I've removed the incorrect VAT and issued a corrected invoice to your billing email.,Wireless Headphones,325.9,UAE,resolved
a65f6095-3e1c-4b6d-8b03-19da49e0a23c,2024-04-26 11:43:29,CUST01372,chat,Your return portal says my order isn't eligible for return but it's within the 30-day window. Please help.,I've processed a store credit for the full amount. It's now available in your account balance.,Electric Toothbrush,412.63,India,open
32430b68-9784-444a-8364-6930a92122c1,2025-08-17 13:11:15,CUST62532,chat,I need to change the quantity on an order I placed. Can that be done after the order is confirmed?,,,130.43,Germany,open
4e522112-7bb4-41d8-aef7-0b1cdc7373f4,2026-01-14 03:34:03,CUST01462,email,I'm trying to update my payment method and the page keeps timing out. My subscription is about to lapse.,,Desk Lamp,,India,resolved
b178bde2-bdd5-4a06-b225-2a0e974046b1,2025-07-11 20:40:11,CUST78759,email,I don't have the original box. Does that affect my ability to return the item?,Thank you for reaching out. I've looked into this and I'm escalating it to our logistics team right away. You'll hear back within 24 hours.,Smart Watch,,Singapore,resolved
d9393afe-2983-45c2-aae9-fd3a872c35ca,2024-04-01 00:26:21,CUST78593,web,Two of the three items in my order arrived but one is missing. The packing slip shows all three.,I've cancelled your order as requested. You won't be charged and any pending holds will clear within 2–3 business days.,Water Bottle,371.16,Singapore,escalated
e3ed3109-c42e-4ef3-a312-5d14fdf45476,2024-12-06 20:15:24,CUST96522,chat,"The product doesn't fit. I'd like to exchange it for a different size, not a refund.",,Electric Toothbrush,354.69,France,escalated
2f3df681-e5e0-4905-923e-052aa9150329,2024-08-08 17:57:26,CUST93784,chat,"My parcel shows 'delivered' but there's nothing at my door, my mailbox, or with my neighbors. Where is it?",I've cancelled your order as requested. You won't be charged and any pending holds will clear within 2–3 business days.,Coffee Maker,10.33,Spain,resolved
934958b6-cc3b-4174-b657-9f54e319aa51,2024-07-21 17:00:10,CUST52500,chat,My package was apparently delivered to the wrong address according to the carrier. What do I do now?,,Water Bottle,45.54,Japan,escalated
89108b0e-3de3-4187-9514-a3d7ab4f6d53,2025-09-06 12:52:17,CUST91545,chat,I got a shipment notification for an order I never placed. Did someone use my account?,,Wireless Headphones,328.1,Canada,resolved
f7d6e75b-3933-4150-8cb9-121203f23109,2025-07-08 07:25:14,CUST39264,email,I can't find an option to download my past invoices. I need them for a tax return.,"I've forwarded your firmware issue to our engineering team. As an interim step, try rolling back to the previous version using these steps: hold the reset button for 10 seconds while powering on.",,290.69,Mexico,escalated
f3712ab3-a04c-4d57-bbe2-e341b765d63f,2024-02-20 07:18:58,CUST29593,email,"I ordered two items together and they shipped separately. One arrived fine, the other is nowhere to be found.",,Running Shoes,,France,escalated
aff44596-32c5-447c-92c9-5168fa1ae3cf,2024-09-17 19:17:47,CUST15704,chat,The estimated delivery window on my confirmation said 3–5 days. It's been 11 days. Nobody is responding to my emails.,I'm sorry the size didn't work out. I've set up an exchange for you — you'll receive a prepaid return label by email.,Coffee Maker,,Brazil,resolved
1aa2ea6f-9453-4e18-a74b-10177ce8476b,2024-09-15 09:32:47,CUST67658,chat,The instruction manual was in a language I can't read. There was no English version included.,,Desk Lamp,89.7,United Kingdom,resolved
63f63e94-d131-4063-8443-be3c55ee1fae,2024-02-21 21:43:08,CUST40541,chat,"I ordered two items together and they shipped separately. One arrived fine, the other is nowhere to be found.",,Phone Case,450.08,United Kingdom,open
a44422d1-f60d-4669-accb-95bd4f6f02bb,2026-01-19 21:43:54,CUST06296,chat,The carrier says 'address not found' but I've received packages here before. This makes no sense.,Thank you for your patience. I've updated your shipping address — the order hasn't left the warehouse yet so the change went through.,Laptop Stand,367.69,Germany,resolved
30c04895-74d0-4b86-b3bc-e660689c068b,2025-04-06 23:53:59,CUST31069,email,The product looks nothing like the photos on the website. The colour is completely different.,I've resent the password reset link to the email on file. Please check your spam folder if it doesn't arrive within a few minutes.,,413.71,South Africa,resolved
7df7a442-f6e8-43e4-8b52-a7e45637fc74,2024-11-06 04:24:58,CUST10324,web,I was given a different order number in two emails about the same purchase. Which one is correct?,,Gaming Mouse,448.49,Germany,open
9b0b6239-7276-445f-9f0b-8bc4d85f46a9,2026-04-25 06:29:19,CUST62565,chat,The tracking number you sent me doesn't work on the carrier's website. Can you tell me where my package actually is?,I've processed a store credit for the full amount. It's now available in your account balance.,Water Bottle,40.2,Singapore,resolved
6ae894bf-b632-4466-b298-45a0efa84aa5,2024-05-30 05:20:06,CUST15869,chat,I moved recently and I think I gave the wrong address. Can you update the shipping address before it goes out?,,Gaming Mouse,346.66,Spain,open
b84f816e-23f9-405a-b12a-c04fb34d468e,2025-01-01 01:22:16,CUST74160,email,I paid for express shipping and it's been a week. That's not express. I want a refund on the shipping charge at minimum.,I can see the payment did go through — the pending status is a display lag. Your order is confirmed.,Air Purifier,406.15,Canada,open
fafa3313-a75d-4d5d-a243-8521e0a3e7fb,2024-05-01 17:47:24,CUST63294,chat,Your courier left a 'missed delivery' note but I was home all day. Now I can't find a redelivery option on their site.,I've confirmed your return label has been regenerated and sent to your email. It's valid for 14 days.,Bluetooth Speaker,264.65,Spain,resolved
b19b2e2b-46d8-4afb-a9c6-0d11d7caa17b,2026-03-22 18:31:25,CUST61622,email,Two of the three items in my order arrived but one is missing. The packing slip shows all three.,,Phone Case,435.06,Spain,open
6754f92a-de3a-431d-852a-4797f2cd07dc,2025-09-30 07:05:27,CUST46799,email,I got a shipment notification for an order I never placed. Did someone use my account?,I apologise for the inconvenience. I've flagged this with our warehouse team and we'll get back to you within one business day.,Wireless Headphones,29.0,Spain,resolved
061aee06-e0ae-4b01-a880-20896c4e6d58,2025-01-04 01:35:53,CUST07450,chat,A charge appeared from a month I didn't use the service at all. I need an explanation.,I've removed the incorrect VAT and issued a corrected invoice to your billing email.,Running Shoes,486.52,Australia,open
07beb778-bccf-4264-abd6-0a5f45f1a4c4,2025-11-19 08:21:39,CUST54691,chat,I need this order to arrive before I leave for a trip on Friday. Is that possible?,,Yoga Mat,434.92,Mexico,open
ebcadcda-2458-4efa-bae3-614f40b83bc2,2024-09-03 22:55:20,CUST14862,web,Same-day delivery was advertised but I'm getting a three-day estimate at checkout. That's misleading.,I've located your missing item — it was shipped separately and should arrive within 2 days.,Water Bottle,,United States,open
c557d666-db5f-4fce-bb4d-4e024b451def,2025-07-13 19:45:24,CUST34578,chat,I never received a shipping confirmation email. My order status just says 'confirmed'.,,Yoga Mat,97.02,Mexico,open
74fd66c9-ed54-4a1e-9c05-49114c6c5e3e,2025-06-27 07:59:39,CUST52414,chat,Can I change my delivery to a parcel locker instead of home delivery?,Thank you for the photos — I can clearly see the damage. A replacement unit will ship within 1–2 business days.,Smart Watch,327.22,South Africa,open
97d1b387-4d5e-44aa-b0e9-f6f07cdf4533,2025-09-28 03:32:05,CUST80072,email,Your courier left a 'missed delivery' note but I was home all day. Now I can't find a redelivery option on their site.,I've updated your subscription to the correct plan and issued a pro-rated refund for the difference.,Sunglasses,357.59,Germany,open
a8b1e8b5-535e-42a1-9051-f8cbfdb440a1,2025-08-07 20:01:19,CUST57437,chat,The voice assistant feature keeps activating randomly. It's waking me up at night.,,,483.58,Mexico,open
ff9cc59f-b2dc-4cc9-92fc-b27e3159db68,2025-03-15 02:57:28,CUST41715,web,"I was given a store credit instead of a cash refund, but I specifically asked for cash back to my card.",,Running Shoes,329.22,Australia,open
db956cd6-a44e-4135-9be3-f49461ce0229,2025-01-08 07:06:38,CUST09652,email,Someone seems to have accessed my account. I'm seeing orders I didn't place.,,Gaming Mouse,371.0,UAE,resolved
1a7cf8bf-5b23-4377-97f2-7a81f0153c6a,2024-10-22 00:33:01,CUST53875,email,"I ordered two items together and they shipped separately. One arrived fine, the other is nowhere to be found.",,Air Purifier,240.68,Japan,open
837d3401-1f71-4f05-8d2c-8fc0e29c61a9,2024-10-11 09:16:58,CUST51353,email,I cancelled my subscription three weeks ago and I've just been charged again this month. Please reverse it.,,Bluetooth Speaker,154.09,Mexico,open
13bd3c75-12c1-4f41-835c-4b4ffd856de6,2024-03-24 09:13:18,CUST99917,web,My loyalty points disappeared after I changed my email. Can you restore them?,Your package was marked delivered in error. I've opened a trace with the carrier — we'll update you within 48 hours.,Sunglasses,436.72,Canada,open
ba891fad-ffc5-447c-926b-223efecba3a7,2024-11-07 03:35:53,CUST56972,chat,The order confirmation shows the wrong city in the shipping address. Please fix it urgently.,,Wireless Headphones,163.57,United States,open
50b194d3-e9d2-4170-a1ff-67ac47e6298f,2025-02-28 21:51:28,CUST32927,web,It's been 10 days and my package still hasn't arrived. The tracking page just says 'in transit' and hasn't updated in 4 days. What's going on?,Your case has been escalated to our technical team. They'll reach out within 48 hours with a solution.,Gaming Mouse,243.93,United States,open
fa8cdf89-3ef7-4aab-8824-d373aeae1c18,2024-11-05 18:42:07,CUST50583,chat,My package has been bouncing between two distribution centres for five days. Is this normal?,,Running Shoes,162.93,United Kingdom,open
3db7cd6c-a1f5-492a-bfd8-dc5378f40003,2025-04-20 12:47:52,CUST21044,email,I was told returns are free but the portal is asking me to pay $12 for return shipping. That's not right.,,Air Purifier,451.68,France,resolved
480c2e85-7a45-451b-b6b9-5f7c1c0b7e2d,2024-09-13 03:18:09,CUST60332,chat,Your warehouse is in my city. Why does shipping take five days?,,Bluetooth Speaker,398.14,India,resolved
86a599e3-5d82-4b3e-8030-d42870d038f9,2025-02-01 08:30:41,CUST89090,email,Two of the three items in my order arrived but one is missing. The packing slip shows all three.,Thanks for contacting us. I've applied the correct discount to your account and a revised invoice is on its way.,Gaming Mouse,133.84,Japan,open
31fe598f-d7a5-496d-ade4-804a7efcbb0f,2024-01-15 10:53:55,CUST46184,email,I was charged for shipping but your website said free shipping on orders over $50. Mine was $74.,,Laptop Stand,67.69,United Kingdom,resolved
479684f3-95f7-4a27-b219-8a17d21403e5,2026-02-12 05:03:26,CUST39348,web,The item broke within the warranty period. Do I return it or is there a repair service?,,Coffee Maker,456.07,Japan,escalated
e5e9fc46-e885-433e-8489-7d183f7a1074,2025-05-28 13:47:46,CUST30011,web,One of the components was missing from the box. The product is unusable without it.,I've confirmed your order details and can see the issue. A replacement has been dispatched — you'll receive tracking info shortly.,Phone Case,59.63,Germany,resolved
bf264af1-fd1c-49c2-9bc8-91338d36895e,2025-12-10 12:55:12,CUST44701,web,I ordered a gift to arrive before my daughter's birthday. It's three days late. I'm really disappointed.,,Wireless Headphones,371.88,United Kingdom,resolved
de5e9ca6-1715-49e1-a004-f3d54708fe9b,2024-03-12 06:52:09,CUST02255,web,I was charged twice for the same order. Both transactions show on my bank statement. Please refund one.,,Water Bottle,65.78,India,escalated
db2c4bc2-9f7a-4e4d-8bd8-20dda5b37e9d,2025-02-26 06:40:19,CUST67621,chat,It's been 10 days and my package still hasn't arrived. The tracking page just says 'in transit' and hasn't updated in 4 days. What's going on?,,Phone Case,299.47,Singapore,resolved
68b20251-39d2-4eba-ae78-43d0bf79fe5b,2025-11-11 15:53:36,CUST29659,chat,I need this order to arrive before I leave for a trip on Friday. Is that possible?,,Electric Toothbrush,32.53,Germany,resolved
1e2c3be9-75a5-4333-b89f-9412b4c5e003,2024-01-20 04:49:19,CUST89935,email,It's been 10 days and my package still hasn't arrived. The tracking page just says 'in transit' and hasn't updated in 4 days. What's going on?,,Yoga Mat,341.38,India,open
514c87bc-af8f-4131-97b7-e838cd792103,2024-03-25 18:22:20,CUST02877,web,"I ordered two items together and they shipped separately. One arrived fine, the other is nowhere to be found.",,Bluetooth Speaker,34.67,Australia,resolved
b8545c5d-c155-4cf8-98aa-71e5ea4c3542,2025-08-11 04:37:57,CUST63177,web,I was given a different order number in two emails about the same purchase. Which one is correct?,I've looked into the duplicate charge and confirmed the extra amount will be reversed within 3–5 business days.,Phone Case,375.17,United States,open
3b3b7138-55ac-4865-9764-6bbe53017341,2025-10-02 13:05:43,CUST08801,web,My account shows a balance I didn't deposit. Where did it come from and is it real credit I can use?,,Wireless Headphones,475.67,France,resolved
b6094c19-0bee-47b4-91de-1d8cef4f05e7,2024-12-12 06:59:22,CUST75899,email,"My refund was only partial. The full amount should have been returned, not just part of it.",,Desk Lamp,11.08,France,resolved
bfcf6a9d-ae7b-44ab-a398-9d9f00b82348,2025-03-29 13:56:10,CUST88510,web,There's a visible scratch on the product. It looks like it was returned and resold as new.,I've processed a full refund including return shipping costs. The amount will post in 3–5 business days.,Gaming Mouse,309.32,Australia,open
a8ea0443-9400-4af0-a0ec-eff128f6cabb,2025-09-02 08:14:34,CUST37351,email,My package was apparently delivered to the wrong address according to the carrier. What do I do now?,,Mechanical Keyboard,446.96,Brazil,resolved
36784738-0e5d-4c7a-a8c6-8e86912236e8,2026-02-22 05:50:53,CUST27080,email,The app crashes every time I try to open the order history tab. It's been like this for three days.,,Laptop Stand,455.99,Japan,resolved
0c1d8b46-157f-4417-9170-af9253ed044a,2024-07-18 10:25:11,CUST16995,email,I returned the item but the tracking shows it was delivered to your warehouse six days ago. No refund yet.,,Running Shoes,144.06,France,escalated
2d505ca3-75ea-4ad5-8b91-75ea730fcd20,2025-12-04 11:18:41,CUST22698,chat,A charge appeared from a month I didn't use the service at all. I need an explanation.,,Wireless Headphones,112.76,Japan,open
089cf7d3-9594-48d2-8d42-7d8a7830c3c3,2025-06-20 09:28:39,CUST22885,email,"The product doesn't fit. I'd like to exchange it for a different size, not a refund.",,Wireless Headphones,340.38,Spain,resolved
56719072-96d6-4298-be67-dd872c3b29cd,2025-03-20 04:10:03,CUST60810,chat,The estimated delivery window on my confirmation said 3–5 days. It's been 11 days. Nobody is responding to my emails.,,Desk Lamp,491.93,South Africa,open
985c2b83-f52b-487e-8781-a0c5ce210665,2024-04-06 08:45:04,CUST43805,web,Your warehouse is in my city. Why does shipping take five days?,,Laptop Stand,373.78,Netherlands,open
6d5055ea-0047-4bd8-8ec3-803365ebad90,2026-03-04 16:33:50,CUST40666,web,My bank is flagging your charge as suspicious and blocking it. Can you provide merchant details so I can whitelist you?,,Running Shoes,314.08,Singapore,resolved
1d5b2297-7b12-40d8-8032-656d607dde3f,2025-11-19 06:37:03,CUST35989,chat,Tracking says my item is stuck in a customs facility. What documents do I need to provide?,"I can confirm we've received your return. The refund will be processed once our team inspects the item, usually within 5–7 days.",Phone Case,95.16,Netherlands,open
1ce79cef-c36e-4833-85c7-7ed4c9c1fd91,2024-03-04 02:57:14,CUST64842,chat,Can you send a proper receipt to my email? The one I got doesn't show the item breakdown.,I've processed a store credit for the full amount. It's now available in your account balance.,Air Purifier,,Spain,open
17e0f1d2-a686-4635-8aa0-e9620562dc14,2024-03-20 00:01:41,CUST94798,chat,I dropped the item off at the carrier three weeks ago and my refund still hasn't processed.,,Laptop Stand,,Netherlands,open
240bccc2-dcae-464b-9fc2-753f55671906,2026-04-23 15:29:44,CUST86153,web,I accidentally ordered two of the same item and I want to return one unopened one.,I've located your parcel — it appears there was a carrier delay. The updated delivery estimate is within the next 2 business days.,Desk Lamp,242.68,Netherlands,resolved
2f746773-8667-4980-afef-146f9885a50c,2024-01-14 16:13:32,CUST15739,web,I'm trying to update my payment method and the page keeps timing out. My subscription is about to lapse.,,Bluetooth Speaker,400.14,United Kingdom,open
26d05a34-c0eb-420f-bff8-db085bb2939f,2026-04-19 05:30:24,CUST40858,web,I received an order confirmation but my payment hasn't been debited. Is the order actually placed?,,Wireless Headphones,261.81,United Kingdom,open
32a962e4-31a0-48c8-bae3-0545ec27edc4,2026-04-15 17:09:19,CUST80133,web,My account shows I'm logged in on a device I don't recognize. How do I remove it?,,Water Bottle,488.35,Singapore,open
02f1e136-f0e8-4b4c-af8d-a94a753957a2,2024-04-22 00:50:48,CUST20750,chat,Tracking says my item is stuck in a customs facility. What documents do I need to provide?,I'm sorry to hear the product didn't meet your expectations. I've raised a quality report and our team will follow up with next steps.,Mechanical Keyboard,456.38,India,open
8d2a09e8-277c-441f-82de-9278c6a0273d,2025-09-20 06:54:54,CUST65061,email,I ordered over a month ago and the status hasn't changed from 'processing'. Is this order ever going to ship?,,Running Shoes,185.27,Netherlands,open
ac3260c7-c757-4dc9-9025-2cad265b9bb1,2025-04-13 03:10:07,CUST91476,chat,"I ordered two items together and they shipped separately. One arrived fine, the other is nowhere to be found.",,Air Purifier,400.42,Mexico,resolved
4e31e4af-288d-4bbe-af48-1577264fd5db,2024-08-11 19:31:31,CUST45088,chat,I was charged for shipping but your website said free shipping on orders over $50. Mine was $74.,I've updated your subscription to the correct plan and issued a pro-rated refund for the difference.,Laptop Stand,159.3,Japan,resolved
b923d204-312b-48d0-a341-8a16507da36c,2025-06-18 03:43:07,CUST36822,chat,You charged me in USD but I'm in Canada. My bank converted it at a terrible rate. Why wasn't I charged in CAD?,"I can confirm we've received your return. The refund will be processed once our team inspects the item, usually within 5–7 days.",Mechanical Keyboard,427.18,Spain,escalated
91ef8114-0182-414a-9a1b-fdf96de6f7e7,2025-12-17 13:12:47,CUST81414,chat,The product stopped working after a week of normal use. That's not acceptable for the price I paid.,,Wireless Headphones,59.02,UAE,open
458ca521-448f-4d3b-a690-2289f9d83311,2024-10-27 14:08:58,CUST57759,email,The carrier says 'address not found' but I've received packages here before. This makes no sense.,,Bluetooth Speaker,92.63,France,open
e8e7d1b5-2a3d-448d-985a-8df6cc66eca7,2024-12-10 03:04:36,CUST64525,web,My order confirmation shows one item but I thought I added two to my cart. Can you check?,,Yoga Mat,96.13,UAE,open
d5afc823-bac7-4b6f-b450-c2a974b54ffa,2025-03-11 22:07:13,CUST28341,email,My package has been bouncing between two distribution centres for five days. Is this normal?,,Water Bottle,208.52,UAE,open
cf46d85f-8473-49fe-bb83-8d6082955874,2024-02-26 22:38:46,CUST84887,email,Can you give me an updated delivery estimate? The app says 'pending' but the order was placed two weeks ago.,I've cancelled your order as requested. You won't be charged and any pending holds will clear within 2–3 business days.,Mechanical Keyboard,152.59,Brazil,resolved
c80df722-1f4d-4947-bd88-a910601ecf05,2024-05-20 16:05:55,CUST65803,web,I ordered over a month ago and the status hasn't changed from 'processing'. Is this order ever going to ship?,,Air Purifier,474.87,South Africa,resolved
6abc5606-ae2c-4cf6-a94d-e9000a0bfa44,2024-08-15 02:41:44,CUST75037,chat,My bank is flagging your charge as suspicious and blocking it. Can you provide merchant details so I can whitelist you?,I'm sorry to hear about this experience. I've initiated a full refund which should appear in 3–5 business days.,Laptop Stand,187.01,Brazil,escalated
df153163-1971-497b-9036-2c9f00b7f4ed,2024-03-13 03:18:50,CUST05184,web,I see a charge from your company on my card that I don't recognize. I didn't place any order recently.,,Gaming Mouse,189.0,South Africa,escalated
30421484-c2ed-45e0-85f5-d42c0c2d7443,2024-04-30 21:59:28,CUST84638,email,I want to return a gift I received. I don't have an order number — only the packing slip.,,Mechanical Keyboard,,Spain,open
a46938f4-6023-40ef-ab67-ea2e4c1f986e,2024-09-14 06:13:57,CUST31843,chat,The delivery driver left my package in the rain and everything inside is damaged. I have photos.,I've processed a full refund including return shipping costs. The amount will post in 3–5 business days.,Wireless Headphones,407.47,Japan,open
f9b43c8a-3201-4653-9762-82a151f9c1cd,2026-01-13 19:30:13,CUST73926,chat,The box arrived completely crushed. The item inside might be okay but I'm worried.,Thank you for the photos — I can clearly see the damage. A replacement unit will ship within 1–2 business days.,Wireless Headphones,446.49,Canada,open
832a18d3-9f17-4c68-8020-8a2f8324e2b9,2025-02-05 04:37:02,CUST28699,email,The refund you promised two weeks ago still hasn't appeared in my account. When will it post?,,Mechanical Keyboard,434.98,Canada,open
27118aa8-9937-4ec5-b333-00518e6c0b56,2025-09-30 02:29:53,CUST92929,email,I applied a store credit but the full amount was still charged to my card. The credit seems to have disappeared.,Your package was marked delivered in error. I've opened a trace with the carrier — we'll update you within 48 hours.,Yoga Mat,43.73,India,open
aae2b25a-5d32-4614-acbe-75865b7189ec,2024-06-17 15:47:14,CUST03886,web,Your courier left a 'missed delivery' note but I was home all day. Now I can't find a redelivery option on their site.,I've located your missing item — it was shipped separately and should arrive within 2 days.,Coffee Maker,270.4,Singapore,open
ae4ff335-37c1-49a4-b1e7-b7b66507e4f9,2026-01-19 03:14:42,CUST29806,email,The product arrived defective — it stopped working after two days. I need a full refund.,,Gaming Mouse,403.13,Singapore,resolved
65007790-18f5-453d-b2ca-ff4f145a04d4,2025-06-28 12:15:04,CUST99162,chat,The price I was shown at checkout was different from what appeared on the final confirmation. By about $12.,,Mechanical Keyboard,210.24,Australia,open
c259b380-a737-486b-b89d-1736012c695b,2024-01-12 01:13:55,CUST98180,chat,My order was supposed to arrive by Thursday but it's now Sunday and nothing. I needed this for an event that already happened.,,Bluetooth Speaker,218.78,UAE,open
046be188-66e6-4e08-a89a-d8ca8b2fd888,2026-04-12 19:26:20,CUST69594,web,The product won't charge unless I hold the cable at a specific angle. Sounds like a hardware defect to me.,,Desk Lamp,97.57,Netherlands,resolved
dfc509c3-f159-41f5-a71d-d8b22435da0d,2025-01-29 05:30:58,CUST49562,web,The estimated delivery window on my confirmation said 3–5 days. It's been 11 days. Nobody is responding to my emails.,,Running Shoes,59.14,Netherlands,open
ce9c77c7-882e-40ba-a0cf-35bf0baed7ef,2025-06-09 17:52:38,CUST89026,web,I was charged for shipping but your website said free shipping on orders over $50. Mine was $74.,,Yoga Mat,223.33,United Kingdom,open
075fdfc2-674c-40f3-bc49-3ca653bc7f41,2025-07-30 01:44:08,CUST19066,email,I was charged for the premium plan but I only signed up for the basic one. Please downgrade and refund the difference.,,Desk Lamp,323.74,Brazil,open
4219d9e2-0441-4c6b-9fad-221b7362c82d,2026-03-15 22:09:16,CUST43098,email,The invoice I received has the wrong VAT number on it. I need a corrected invoice for my accounting.,,Bluetooth Speaker,10.14,Canada,open
27b9b500-05d7-4f6d-8f31-62e7192b34f8,2025-03-04 15:40:19,CUST65669,chat,The tracking number you sent me doesn't work on the carrier's website. Can you tell me where my package actually is?,,Phone Case,365.81,Netherlands,escalated
cb7ffb05-0a61-417a-b3e2-09867c88d5dc,2025-06-24 17:55:53,CUST54393,email,The screen is flickering randomly. It started after I updated the firmware last week.,,Gaming Mouse,283.73,Netherlands,open
2bfff70d-a340-4aa9-ab09-69838afba1ab,2024-06-30 18:24:41,CUST84894,email,"I initiated a return and got a confirmation, but I've heard nothing since. What's the status?",,Desk Lamp,390.04,South Africa,open
05b85a1c-7b38-4b01-8bf6-dc90d366e08b,2024-02-12 11:42:28,CUST71416,email,I see a charge from your company on my card that I don't recognize. I didn't place any order recently.,,Bluetooth Speaker,183.02,Netherlands,open
b2631f67-21f5-4209-abe3-9e1672c7e979,2025-02-13 02:23:17,CUST34165,chat,I ordered a gift to arrive before my daughter's birthday. It's three days late. I'm really disappointed.,,Electric Toothbrush,99.56,Japan,resolved
aa521af7-e1be-41c0-a5d9-ff9ef382ea5e,2024-10-22 09:57:29,CUST73334,chat,Two of the three items in my order arrived but one is missing. The packing slip shows all three.,,Bluetooth Speaker,62.28,Spain,open
a8f67a7d-0e61-4065-b5dc-4888c635aeaa,2026-02-04 07:52:38,CUST90807,chat,My account shows a balance I didn't deposit. Where did it come from and is it real credit I can use?,,Electric Toothbrush,144.62,Canada,escalated
800dc147-9e32-43bb-b27e-17722b08b447,2026-03-05 00:26:35,CUST46392,chat,I installed the companion app but it doesn't detect the device even though it's right next to my phone.,,Laptop Stand,431.6,Singapore,open
187d069e-0d3a-4646-821f-9dcd56deda4b,2024-07-05 23:39:03,CUST87500,email,It's been 30 days and one day. Will you make an exception given that the item arrived late?,,Mechanical Keyboard,101.7,Germany,open
a5615e05-9f38-4282-9121-7a2bfba798f5,2026-01-02 05:01:43,CUST95527,email,The button on the side stopped responding. Everything else works fine but that one button is dead.,,Water Bottle,230.86,UAE,open
c713f8b2-8194-4c78-be6e-10df98337ed3,2024-12-21 01:35:09,CUST14386,web,Can I change my delivery to a parcel locker instead of home delivery?,"I've forwarded your firmware issue to our engineering team. As an interim step, try rolling back to the previous version using these steps: hold the reset button for 10 seconds while powering on.",Desk Lamp,,India,open
617905ba-dc28-438b-802a-69eac1313a7a,2026-03-14 03:25:01,CUST85744,email,I got a shipment notification for an order I never placed. Did someone use my account?,I've processed a full refund including return shipping costs. The amount will post in 3–5 business days.,Smart Watch,243.5,South Africa,open
93a658d7-2064-4239-be23-15e91e65eecc,2025-06-03 20:54:00,CUST45588,web,My discount code didn't apply at checkout but I was still charged full price. Can you adjust the total?,Your case has been escalated to our technical team. They'll reach out within 48 hours with a solution.,Water Bottle,306.73,UAE,resolved
359ec15a-724d-40f4-ab81-8a91deacc0a2,2026-04-16 10:25:59,CUST24558,email,My order confirmation shows one item but I thought I added two to my cart. Can you check?,,Sunglasses,478.73,Mexico,open
a86c2d61-e332-4351-8027-6ece1977dfbb,2025-06-08 02:44:52,CUST69961,chat,I opened the packaging but the item is completely unused. Will you still accept the return?,Thank you for reporting this. I've removed the unrecognised device from your account and sent a security alert to your email.,Running Shoes,325.88,Germany,escalated
39448f80-7321-423a-8922-de0633e024b7,2025-07-18 03:45:59,CUST98762,chat,Your courier left a 'missed delivery' note but I was home all day. Now I can't find a redelivery option on their site.,I've cancelled your order as requested. You won't be charged and any pending holds will clear within 2–3 business days.,Running Shoes,49.23,Canada,open
23cd6956-2ff7-4977-a632-a2f8876588a6,2024-05-28 10:30:03,CUST17800,web,My package was apparently delivered to the wrong address according to the carrier. What do I do now?,I've updated your subscription to the correct plan and issued a pro-rated refund for the difference.,Wireless Headphones,201.02,Australia,open
57ae84b4-b80a-46e4-8886-cdf16a9c570a,2025-03-17 10:49:20,CUST72282,chat,I dropped the item off at the carrier three weeks ago and my refund still hasn't processed.,,Yoga Mat,436.74,Spain,open
ccd475ed-9298-484f-ba7a-8c449efb7135,2025-11-22 01:01:16,CUST28299,email,I installed the companion app but it doesn't detect the device even though it's right next to my phone.,,Sunglasses,246.01,Australia,resolved
2e05c233-7ba5-4af7-b0be-c680b757c053,2025-11-17 09:44:46,CUST45642,chat,It's been 10 days and my package still hasn't arrived. The tracking page just says 'in transit' and hasn't updated in 4 days. What's going on?,,Air Purifier,239.91,United States,resolved
26fb9ce0-fbdf-4109-a9c9-52a0bcdc52a3,2026-02-03 04:32:28,CUST74064,email,Your warehouse is in my city. Why does shipping take five days?,,Electric Toothbrush,203.43,Canada,resolved
298bd64f-24e7-4f33-893e-c89a8ef253ac,2025-08-28 09:56:11,CUST63416,email,There's an unexplained $5 fee on my invoice. What is that for?,"I've forwarded your firmware issue to our engineering team. As an interim step, try rolling back to the previous version using these steps: hold the reset button for 10 seconds while powering on.",Sunglasses,428.21,Canada,open
e7628349-ecd7-4f65-9a3f-57a5c59e8caa,2024-06-20 10:22:58,CUST79749,email,I want to return a gift I received. I don't have an order number — only the packing slip.,I'm sorry to hear about this experience. I've initiated a full refund which should appear in 3–5 business days.,Coffee Maker,60.11,Germany,open
4fcde4b7-d0c3-4581-90df-e332b4467473,2025-11-12 01:21:24,CUST03120,email,The return shipping label you sent me is expired. Can you generate a new one?,,Yoga Mat,237.21,Singapore,open
45ddedc7-6361-4819-a764-ba66d9cb1b25,2024-05-04 14:56:01,CUST20461,email,Can I change my delivery to a parcel locker instead of home delivery?,I've removed the incorrect VAT and issued a corrected invoice to your billing email.,Gaming Mouse,69.76,Singapore,resolved
5a07f333-9185-46b2-aee4-5f22a6132505,2025-08-20 18:18:19,CUST73037,email,The carrier says 'address not found' but I've received packages here before. This makes no sense.,,Yoga Mat,480.99,Spain,open
25747fed-acfd-4806-945b-660aa48ead05,2024-03-06 12:48:17,CUST88147,email,I paid for express shipping and it's been a week. That's not express. I want a refund on the shipping charge at minimum.,I'm sorry to hear about this experience. I've initiated a full refund which should appear in 3–5 business days.,Smart Watch,125.62,India,open
2b27c605-d98d-4f73-9e11-02bf79803bec,2024-09-16 23:38:46,CUST49163,chat,My tracking shows the package left the warehouse four days ago but there's been no update since.,,Running Shoes,191.99,United Kingdom,open
d1d6dd51-eafe-4612-89c2-007f526044d6,2026-02-15 14:20:20,CUST19500,chat,It's been 10 days and my package still hasn't arrived. The tracking page just says 'in transit' and hasn't updated in 4 days. What's going on?,,Air Purifier,165.2,Netherlands,resolved
b0e28cce-8e88-4571-9e0f-ccbbbe20f6f4,2025-06-23 12:56:37,CUST73065,email,I need to split this payment across two cards. Is that something you support?,,Yoga Mat,275.94,Brazil,open
e8b842e4-af4e-41a0-ad73-71d1018da07d,2024-10-16 21:56:55,CUST85574,web,The box arrived completely crushed. The item inside might be okay but I'm worried.,I apologise for the inconvenience. I've flagged this with our warehouse team and we'll get back to you within one business day.,Water Bottle,189.89,United States,resolved
94210764-4de5-4bd0-9dd5-a3facea33bbf,2026-02-24 23:28:17,CUST62095,web,Can you send a proper receipt to my email? The one I got doesn't show the item breakdown.,I've confirmed your order details and can see the issue. A replacement has been dispatched — you'll receive tracking info shortly.,Laptop Stand,103.04,South Africa,open
5ea691dc-3c74-4b86-8b35-cfc074171f51,2024-08-27 10:26:21,CUST94565,chat,I paid for express shipping and it's been a week. That's not express. I want a refund on the shipping charge at minimum.,I apologise for the inconvenience. I've flagged this with our warehouse team and we'll get back to you within one business day.,Coffee Maker,247.83,United Kingdom,open
0f7e5028-7331-4180-aca1-4d647dc7bb8f,2025-08-26 16:00:50,CUST78994,chat,The invoice I received has the wrong VAT number on it. I need a corrected invoice for my accounting.,,Electric Toothbrush,331.32,Spain,escalated
639db5d8-01ae-40c6-b25c-b36ff848f2ba,2024-05-04 05:00:20,CUST70586,web,Same-day delivery was advertised but I'm getting a three-day estimate at checkout. That's misleading.,,Coffee Maker,418.88,United Kingdom,escalated
4e27a4de-f1a6-4f73-b3d8-6e4f7c961975,2026-03-17 23:48:53,CUST11386,chat,The price I was shown at checkout was different from what appeared on the final confirmation. By about $12.,,Laptop Stand,213.44,United Kingdom,resolved
1f659062-6b9d-474f-845c-9fdc900006e0,2025-07-10 01:50:29,CUST76122,email,Someone seems to have accessed my account. I'm seeing orders I didn't place.,"I can confirm we've received your return. The refund will be processed once our team inspects the item, usually within 5–7 days.",Mechanical Keyboard,182.64,France,resolved
efc5e59f-68f6-49d8-812c-ffaffea74f5f,2025-05-19 07:58:56,CUST56659,chat,"I ordered two items together and they shipped separately. One arrived fine, the other is nowhere to be found.",I've confirmed your return label has been regenerated and sent to your email. It's valid for 14 days.,Sunglasses,231.68,India,open
4fefd469-fd79-4c6d-8312-513e7475c929,2024-02-23 20:19:35,CUST49082,web,My bank is flagging your charge as suspicious and blocking it. Can you provide merchant details so I can whitelist you?,I've cancelled your order as requested. You won't be charged and any pending holds will clear within 2–3 business days.,Bluetooth Speaker,,Mexico,escalated
0e6c762e-e129-48f8-ad78-f2cb3c60565f,2025-03-04 16:25:39,CUST88899,chat,Your courier left a 'missed delivery' note but I was home all day. Now I can't find a redelivery option on their site.,,Sunglasses,295.26,Australia,open
1fdb1848-73a3-4d4f-8fb3-72ea3f2b53a2,2025-04-11 12:05:10,CUST19693,email,How long does a refund typically take once you receive the item back at the warehouse?,,Water Bottle,354.4,Mexico,escalated
a5dc19df-93e7-4c14-b66d-44ebc87e071f,2025-04-11 15:28:20,CUST09610,web,How long does a refund typically take once you receive the item back at the warehouse?,I've removed the incorrect VAT and issued a corrected invoice to your billing email.,Electric Toothbrush,436.2,Australia,resolved
1eb60318-eef6-4954-9f5b-d1b58ad54681,2024-01-18 18:18:16,CUST60480,chat,Tracking says my item is stuck in a customs facility. What documents do I need to provide?,I've processed a full refund including return shipping costs. The amount will post in 3–5 business days.,Coffee Maker,498.71,Brazil,resolved
d51a1a9d-1708-44fc-a524-7b5c44fb50f8,2026-02-23 01:40:26,CUST13646,chat,I want to return this item. It's not what I expected from the product photos.,Thank you for the photos — I can clearly see the damage. A replacement unit will ship within 1–2 business days.,Laptop Stand,51.69,Netherlands,open
e4d86f1f-57e4-472a-b777-b4f2ac041635,2024-07-21 12:44:19,CUST27837,chat,Can I change my delivery to a parcel locker instead of home delivery?,,Laptop Stand,45.11,Singapore,open
2036d5bb-0730-46e9-932f-1f5b9a4a46bc,2024-05-19 04:19:50,CUST16655,chat,"I was given a store credit instead of a cash refund, but I specifically asked for cash back to my card.",,,493.95,UAE,resolved
f16e66bf-1ed1-4dc2-bef7-9fe6c4bb1953,2025-11-17 22:47:15,CUST92703,chat,"I was given a store credit instead of a cash refund, but I specifically asked for cash back to my card.","I've forwarded your firmware issue to our engineering team. As an interim step, try rolling back to the previous version using these steps: hold the reset button for 10 seconds while powering on.",Phone Case,129.09,UAE,escalated
3b2e0fdb-d61f-48c8-8157-b33e96273e2d,2025-03-22 21:40:39,CUST05147,email,I accidentally ordered two of the same item and I want to return one unopened one.,I've confirmed your return label has been regenerated and sent to your email. It's valid for 14 days.,Laptop Stand,136.74,Brazil,resolved
34e13d6a-6aa5-460f-af85-50ec9dc438c9,2024-08-07 13:48:49,CUST06980,chat,"I ordered two items together and they shipped separately. One arrived fine, the other is nowhere to be found.",I'm sorry the size didn't work out. I've set up an exchange for you — you'll receive a prepaid return label by email.,Sunglasses,,South Africa,escalated
44944ddb-6004-4ca9-8812-dec00d751dbd,2024-04-13 10:56:44,CUST64510,chat,I was told returns are free but the portal is asking me to pay $12 for return shipping. That's not right.,I've applied a $10 goodwill credit to your account for the inconvenience. It'll appear automatically at your next checkout.,Running Shoes,164.57,Mexico,resolved
7f91947a-ebe7-412f-8e37-e0a6690d2be3,2024-05-16 17:38:54,CUST23878,web,Same-day delivery was advertised but I'm getting a three-day estimate at checkout. That's misleading.,"I've confirmed your cancellation. If the package ships before the cancellation processes, you can refuse delivery for a full refund.",Bluetooth Speaker,374.75,United States,open
5571d526-d306-4a75-9b28-9e2128924889,2025-06-30 16:16:14,CUST54384,web,My discount code didn't apply at checkout but I was still charged full price. Can you adjust the total?,,Water Bottle,472.63,Germany,open
06c1611f-ad47-4226-ac22-7b91be596baf,2025-06-14 22:42:40,CUST62168,web,I was charged for the premium plan but I only signed up for the basic one. Please downgrade and refund the difference.,,Gaming Mouse,455.77,France,open
2037b5b4-c7f1-4e24-820c-23d9fa49b9fd,2024-07-23 16:49:16,CUST32983,web,I'm getting an error saying my card is declined but my bank says there's no issue on their end.,,Electric Toothbrush,497.89,Singapore,open
d18c287e-23ad-4104-9191-5a0a36865071,2024-09-02 12:27:12,CUST51881,chat,The box arrived completely crushed. The item inside might be okay but I'm worried.,,Electric Toothbrush,480.99,Germany,open
24f81ae5-2251-423a-9841-80b7a5ae1ecd,2025-03-01 07:51:39,CUST23122,chat,My account shows a balance I didn't deposit. Where did it come from and is it real credit I can use?,,Mechanical Keyboard,346.82,France,open
0ab4a576-a6ca-439a-ada3-a38dd3d972c5,2026-01-10 09:01:07,CUST28975,chat,I opened the packaging but the item is completely unused. Will you still accept the return?,,Smart Watch,210.21,United States,escalated
2a338fa1-cb29-4667-ae9e-23587ef81e52,2025-10-03 15:23:50,CUST33312,web,I received an order confirmation but my payment hasn't been debited. Is the order actually placed?,,Bluetooth Speaker,444.92,India,open
3d9787b6-a4d6-4105-880c-1d77d8c88538,2024-03-05 23:23:47,CUST96569,web,The estimated delivery window on my confirmation said 3–5 days. It's been 11 days. Nobody is responding to my emails.,,Water Bottle,440.11,Australia,resolved
3651c0a3-f29d-4d56-a837-afa84ae0978a,2025-09-06 13:27:15,CUST08680,chat,I need to change the quantity on an order I placed. Can that be done after the order is confirmed?,I've located your parcel — it appears there was a carrier delay. The updated delivery estimate is within the next 2 business days.,Sunglasses,217.01,UAE,escalated
1042726a-0fe6-480b-8acd-4b91a6038952,2026-03-14 02:01:31,CUST27718,chat,The delivery driver left my package in the rain and everything inside is damaged. I have photos.,Thank you for reporting this. I've removed the unrecognised device from your account and sent a security alert to your email.,Air Purifier,449.34,Spain,open
9b4582e1-19fe-4dd6-8962-8f2e8d43d85a,2025-12-07 07:49:07,CUST14521,chat,I placed an order 20 minutes ago with the wrong delivery address. Can you change it before it ships?,,Running Shoes,397.62,Netherlands,resolved
dd6f4cbb-9621-408e-8aae-a64a649849fb,2024-09-05 09:29:30,CUST68602,web,The delivery driver left my package in the rain and everything inside is damaged. I have photos.,I apologise for the inconvenience. I've flagged this with our warehouse team and we'll get back to you within one business day.,Running Shoes,,Germany,open
dfe473e0-da29-46c8-8b30-2712714e248b,2025-11-24 05:42:46,CUST42123,chat,The invoice I received has the wrong VAT number on it. I need a corrected invoice for my accounting.,I've looked into the duplicate charge and confirmed the extra amount will be reversed within 3–5 business days.,Laptop Stand,307.91,Brazil,open
a6f1d126-19bf-4363-8803-16c1e606fa39,2026-01-08 23:49:42,CUST76719,email,"I ordered during your sale and was quoted one price, but my card was charged the regular price.",,Wireless Headphones,414.37,United States,open
11aa476b-e855-43bd-a48f-7dec6dfda561,2024-03-26 12:55:56,CUST50209,web,"I ordered during your sale and was quoted one price, but my card was charged the regular price.",I've confirmed your order details and can see the issue. A replacement has been dispatched — you'll receive tracking info shortly.,,97.34,South Africa,open
4a89f199-c105-43db-a4ea-4684a88fcc66,2024-10-02 14:40:10,CUST79501,email,"The product doesn't fit. I'd like to exchange it for a different size, not a refund.",I've applied a $10 goodwill credit to your account for the inconvenience. It'll appear automatically at your next checkout.,Desk Lamp,279.73,Germany,open
57df7bb5-a56d-4b93-b93c-a9270561c51e,2024-07-08 13:21:20,CUST45868,chat,My package has been bouncing between two distribution centres for five days. Is this normal?,,Running Shoes,269.18,United Kingdom,open
d7c7f6f3-7357-48af-8af8-8ff204b84339,2025-03-22 03:07:07,CUST69548,email,How long does a refund typically take once you receive the item back at the warehouse?,,Yoga Mat,319.61,Brazil,resolved
3de96feb-fa77-4c6e-a5f7-baa926e4cf05,2024-12-27 12:29:29,CUST43010,email,I paid for express shipping and it's been a week. That's not express. I want a refund on the shipping charge at minimum.,,Mechanical Keyboard,212.88,France,open
9e93bb11-2b35-4c44-a7ed-949da249955f,2024-11-25 20:31:55,CUST03441,chat,My account was locked after too many login attempts. How do I unlock it?,,Phone Case,177.27,Japan,resolved
f4a5f705-ca83-4f22-9ea9-04abe61ed920,2024-02-15 05:34:28,CUST23557,web,I need this order to arrive before I leave for a trip on Friday. Is that possible?,,Wireless Headphones,433.96,Spain,open
b944bcbc-c8c2-4474-a20f-50d6bbcd7d41,2025-10-05 01:17:19,CUST08495,email,My package has been bouncing between two distribution centres for five days. Is this normal?,Your package was marked delivered in error. I've opened a trace with the carrier — we'll update you within 48 hours.,Electric Toothbrush,183.26,Canada,open
a7368456-351c-4e05-98e7-3b4f035b4628,2024-02-18 10:13:11,CUST56829,email,I live in an apartment and couriers keep returning parcels because they can't access the building. Can I arrange pickup?,,Desk Lamp,430.33,Japan,open
429e642a-c863-494d-bdf0-60ca3ebcbfd7,2025-10-04 22:10:33,CUST17357,web,I was charged for the premium plan but I only signed up for the basic one. Please downgrade and refund the difference.,I've located your parcel — it appears there was a carrier delay. The updated delivery estimate is within the next 2 business days.,Bluetooth Speaker,391.12,Spain,open
335d3bad-0a63-4959-a424-ac8a786c5e78,2026-02-25 00:50:58,CUST07823,chat,The stitching on this started coming apart after just two wears. Really poor quality.,,Desk Lamp,387.05,United Kingdom,resolved
b57ef77b-706e-4eb4-8202-b48be8cac5fd,2026-03-12 19:20:26,CUST23076,email,The carrier says 'address not found' but I've received packages here before. This makes no sense.,"I've confirmed your cancellation. If the package ships before the cancellation processes, you can refuse delivery for a full refund.",,437.22,France,open
21fa29c2-935f-4ac1-b6c1-616b9cf39168,2024-03-12 16:12:55,CUST18409,email,I ordered over a month ago and the status hasn't changed from 'processing'. Is this order ever going to ship?,Thank you for your patience. I've updated your shipping address — the order hasn't left the warehouse yet so the change went through.,Laptop Stand,226.15,United Kingdom,open
bc9fcc86-defd-478a-9314-3a791104f01b,2024-09-01 15:52:37,CUST41098,email,"I ordered two items together and they shipped separately. One arrived fine, the other is nowhere to be found.",,Sunglasses,355.13,Germany,resolved
c3b8f000-3c93-4a6a-b239-a2d48f643a65,2024-09-23 01:35:38,CUST14958,email,My tracking shows the package left the warehouse four days ago but there's been no update since.,I've located your missing item — it was shipped separately and should arrive within 2 days.,Phone Case,52.2,India,open
6ef12302-bc5c-4ed2-aaae-7a245fdaf392,2025-11-23 13:58:50,CUST95453,email,I was charged for shipping but your website said free shipping on orders over $50. Mine was $74.,,Yoga Mat,55.53,Singapore,escalated
d42f1751-8fb2-4ba7-a910-0866ce3849bf,2025-12-28 10:35:28,CUST17477,chat,I need to split this payment across two cards. Is that something you support?,I've located your missing item — it was shipped separately and should arrive within 2 days.,Electric Toothbrush,99.84,Spain,resolved
a81bdaf3-f3a8-4ed0-9fed-b5fa5b6bbfb4,2025-05-19 11:58:15,CUST77017,chat,The size is way off from what the size chart says. I measured carefully before ordering.,,Desk Lamp,291.59,Netherlands,open
54b23329-ab2d-40f3-bb15-ec92bc9c406d,2024-06-15 04:33:06,CUST58148,email,I can't log in. It says my credentials are incorrect but I haven't changed my password.,I've cancelled your order as requested. You won't be charged and any pending holds will clear within 2–3 business days.,Yoga Mat,176.95,Mexico,resolved
1c96e948-284f-4575-86af-163444b5b94d,2025-10-31 18:22:51,CUST69583,chat,I ordered over a month ago and the status hasn't changed from 'processing'. Is this order ever going to ship?,,Water Bottle,300.16,Brazil,open
e8765a65-9ae4-4fee-9906-c5f8a6f36970,2024-05-31 16:48:05,CUST72461,email,The replacement you sent for my damaged item is also damaged. Can we just do a refund at this point?,I've merged both accounts and transferred all order history and loyalty points to your primary account.,Phone Case,78.07,UAE,escalated
cc885d01-7973-453e-bae8-10146758c970,2024-01-01 06:52:21,CUST22784,chat,I want to add an item to my existing order to save on shipping. Is that possible?,Your package was marked delivered in error. I've opened a trace with the carrier — we'll update you within 48 hours.,Sunglasses,457.47,Germany,escalated
20baf621-7cf4-49fc-936e-f83b9d07eaf9,2025-11-06 07:47:54,CUST51909,web,Sound is only coming from one side. I've tested this with three different cables so it's not the cable.,,Coffee Maker,278.95,United States,open
8f46b10e-98d3-4c50-85eb-92e187d45575,2025-07-12 01:36:38,CUST14036,email,Your website is extremely slow on mobile. Pages take 15+ seconds to load and sometimes just white-screen.,,Gaming Mouse,277.11,South Africa,open
262e875d-9645-4c9d-bc98-262f55fb607c,2024-08-04 00:51:47,CUST38656,chat,Your courier left a 'missed delivery' note but I was home all day. Now I can't find a redelivery option on their site.,I've confirmed your order details and can see the issue. A replacement has been dispatched — you'll receive tracking info shortly.,Air Purifier,248.48,India,escalated
49a3d246-7f21-4bc9-866d-861da603e3c3,2024-07-29 22:05:12,CUST12679,web,My package has been bouncing between two distribution centres for five days. Is this normal?,,Water Bottle,184.1,Canada,open
731e7b98-7e61-4844-9c3d-269909492664,2024-01-12 13:00:36,CUST97384,email,I was told returns are free but the portal is asking me to pay $12 for return shipping. That's not right.,I'm sorry to hear about this experience. I've initiated a full refund which should appear in 3–5 business days.,Running Shoes,294.33,Japan,open
85ca5835-4fd4-47e2-adc8-c0ed7341385b,2026-03-28 17:54:52,CUST47818,web,The tracking number you sent me doesn't work on the carrier's website. Can you tell me where my package actually is?,I've merged both accounts and transferred all order history and loyalty points to your primary account.,Wireless Headphones,,South Africa,resolved
49ffdf4d-252c-4067-b0e1-e19826f214fb,2025-04-30 10:50:02,CUST90580,email,My order confirmation shows one item but I thought I added two to my cart. Can you check?,,Bluetooth Speaker,401.13,Germany,open
37c411f9-dd7b-419c-90ea-ab285f6f9806,2025-04-17 08:34:57,CUST94079,chat,My order was supposed to arrive by Thursday but it's now Sunday and nothing. I needed this for an event that already happened.,,Running Shoes,150.54,United Kingdom,open
f7dee122-a4b5-4e50-a750-8036b76dc65c,2024-04-29 09:37:57,CUST44294,chat,I can't find an option to download my past invoices. I need them for a tax return.,Thanks for contacting us. I've applied the correct discount to your account and a revised invoice is on its way.,Electric Toothbrush,84.06,Brazil,open
2cda73df-2883-4eed-92ba-9f43bc776f63,2024-09-29 11:21:44,CUST43728,web,"I initiated a return and got a confirmation, but I've heard nothing since. What's the status?",,Mechanical Keyboard,85.53,Brazil,resolved
ecbb18fb-68c8-411e-bc54-b29df4406fcb,2025-10-03 11:48:45,CUST63723,email,I want to return a gift I received. I don't have an order number — only the packing slip.,I'm sorry to hear the product didn't meet your expectations. I've raised a quality report and our team will follow up with next steps.,Phone Case,,Brazil,open
ac258c4e-e5bd-4482-9e9d-09bc8b04b3d2,2025-04-13 03:46:51,CUST78366,email,The carrier says 'address not found' but I've received packages here before. This makes no sense.,,Sunglasses,229.92,South Africa,open
710e7e8a-da07-4846-9b51-481e171108c8,2026-04-03 17:16:49,CUST01856,email,You're still charging me after I deleted my account. How is that possible?,I'm sorry to hear the product didn't meet your expectations. I've raised a quality report and our team will follow up with next steps.,Sunglasses,201.67,Singapore,resolved
4da2cb43-183f-4335-bae9-021b7d3661a7,2025-01-10 14:50:39,CUST93852,chat,Is it normal for a domestic shipment to take over two weeks? I'm starting to think it's lost.,,Coffee Maker,267.38,South Africa,open
5c1a7519-e65f-417c-aa8f-538e58d0d80b,2024-12-06 20:26:00,CUST44300,email,My tracking shows the package left the warehouse four days ago but there's been no update since.,,Water Bottle,303.7,United Kingdom,resolved
c0dc2a14-7065-4673-8a02-f08245382e47,2024-07-05 09:04:15,CUST19269,web,"I ordered two items together and they shipped separately. One arrived fine, the other is nowhere to be found.",,Sunglasses,333.63,United Kingdom,resolved
c6911d48-20fd-4f7d-bdb7-5805d2166bcc,2025-03-05 08:19:33,CUST65421,chat,I got a shipment notification for an order I never placed. Did someone use my account?,Thank you for reporting this. I've removed the unrecognised device from your account and sent a security alert to your email.,Sunglasses,139.69,Brazil,open
ccdc297b-f389-4daf-b5b8-231ba281ba11,2024-11-07 17:29:12,CUST96271,chat,The screen is flickering randomly. It started after I updated the firmware last week.,I've merged both accounts and transferred all order history and loyalty points to your primary account.,Yoga Mat,60.61,United Kingdom,open
5c5c0f21-5c4b-4d6a-b727-aae1b62e4818,2025-01-24 06:54:32,CUST70720,web,The product stopped turning on after the last firmware update. Now it's just a brick.,I've processed a full refund including return shipping costs. The amount will post in 3–5 business days.,Gaming Mouse,262.54,Singapore,open
fb94668f-12a8-41aa-846d-c8fdaca5e00d,2025-11-08 09:24:29,CUST61830,chat,The instruction manual was in a language I can't read. There was no English version included.,I've confirmed your return label has been regenerated and sent to your email. It's valid for 14 days.,Bluetooth Speaker,158.39,United States,resolved
5219d3aa-18cf-4e92-9bdf-5fe58f548b50,2024-05-20 20:18:35,CUST58517,email,My discount code didn't apply at checkout but I was still charged full price. Can you adjust the total?,,Coffee Maker,333.76,Germany,resolved
275d63b1-1269-4c18-8247-3224891eddc9,2024-06-14 20:36:00,CUST57173,chat,My package was apparently delivered to the wrong address according to the carrier. What do I do now?,Thank you for the photos — I can clearly see the damage. A replacement unit will ship within 1–2 business days.,Gaming Mouse,,Netherlands,resolved
94d28a7f-d5dc-417b-94ad-8d1544eb8886,2026-02-15 05:34:31,CUST87005,chat,I need this order to arrive before I leave for a trip on Friday. Is that possible?,,Wireless Headphones,234.6,South Africa,resolved
c5e711db-99d3-413b-891d-0f1d08b80596,2026-04-13 12:27:31,CUST29310,email,The stitching on this started coming apart after just two wears. Really poor quality.,,Electric Toothbrush,128.91,South Africa,open
4f17a169-0daf-4804-a8e7-9b6fbe84f286,2024-09-24 13:54:30,CUST04179,chat,I was charged for shipping but your website said free shipping on orders over $50. Mine was $74.,,Yoga Mat,311.66,United Kingdom,resolved
0585babf-e665-4e7f-9769-2bd3454ea524,2025-10-24 02:18:54,CUST56519,email,The product arrived defective — it stopped working after two days. I need a full refund.,,Desk Lamp,,Canada,open
6ff2cbd6-5a83-4d4d-84a0-3d294bc5e52c,2024-07-06 13:43:05,CUST42625,email,I was given a different order number in two emails about the same purchase. Which one is correct?,Thank you for the photos — I can clearly see the damage. A replacement unit will ship within 1–2 business days.,,425.21,UAE,open
ee1716b6-e533-4feb-bab6-ca722a466b14,2024-09-02 01:28:58,CUST07100,chat,"My parcel shows 'delivered' but there's nothing at my door, my mailbox, or with my neighbors. Where is it?",,Sunglasses,405.63,Singapore,open
fe0695e7-3365-43a4-a4ed-2ce18f808159,2024-07-16 02:53:32,CUST32487,email,The carrier says 'address not found' but I've received packages here before. This makes no sense.,,,254.94,United Kingdom,resolved
69b433cf-ed4a-457c-89b2-405ee366e954,2025-04-12 21:32:28,CUST56083,chat,My order was supposed to arrive by Thursday but it's now Sunday and nothing. I needed this for an event that already happened.,,Laptop Stand,237.47,South Africa,resolved
f037f562-063b-46ca-acba-add885937e1f,2025-03-05 09:55:48,CUST03127,email,The carrier says 'address not found' but I've received packages here before. This makes no sense.,,,149.68,India,open
2c19602e-6045-4a9d-90cc-2f50f77db023,2025-12-04 22:34:05,CUST01082,chat,Your warehouse is in my city. Why does shipping take five days?,,Electric Toothbrush,227.96,UAE,open
62444d8e-4d1c-4cf0-8111-664f957ddf6e,2024-11-04 17:59:20,CUST53153,chat,My account shows I'm logged in on a device I don't recognize. How do I remove it?,,Smart Watch,,UAE,open
99c3cd35-d0b8-4c9a-92ec-563c17c31783,2025-11-08 02:13:38,CUST23972,chat,The order confirmation shows the wrong city in the shipping address. Please fix it urgently.,,Bluetooth Speaker,109.08,Canada,open
bbcfd61f-0d84-4973-9d67-daad1f6b02d1,2024-04-02 15:58:38,CUST42177,email,I opened the packaging but the item is completely unused. Will you still accept the return?,I've located your parcel — it appears there was a carrier delay. The updated delivery estimate is within the next 2 business days.,Desk Lamp,476.85,Spain,open
ba700894-6215-4bf3-a201-00dcb6cb4c4b,2024-12-22 19:55:20,CUST16873,email,My order confirmation shows one item but I thought I added two to my cart. Can you check?,"I've forwarded your firmware issue to our engineering team. As an interim step, try rolling back to the previous version using these steps: hold the reset button for 10 seconds while powering on.",Water Bottle,170.38,UAE,open
e6827208-9a8e-48ed-b6a3-ea276be978d4,2024-08-19 09:59:34,CUST90600,web,My account was locked after too many login attempts. How do I unlock it?,I'm sorry about the delayed shipment. I've submitted a carrier investigation request on your behalf.,Desk Lamp,412.43,Brazil,open
696747e9-f158-461a-b37c-474e3d8bd21f,2024-05-09 01:52:35,CUST80632,chat,I'm getting an error saying my card is declined but my bank says there's no issue on their end.,,Yoga Mat,89.28,Brazil,resolved
e4ea90bc-ada1-47ca-8e6b-7553dc8d4cc6,2024-02-07 22:12:00,CUST77262,web,The product arrived defective — it stopped working after two days. I need a full refund.,,Coffee Maker,44.64,Spain,resolved
4a389888-788d-4972-b162-033124af5033,2026-04-04 18:08:40,CUST04649,email,Can you give me an updated delivery estimate? The app says 'pending' but the order was placed two weeks ago.,,Electric Toothbrush,466.8,Netherlands,escalated
dc688ac8-00cb-4f28-aeb0-9c0371135677,2025-07-19 10:33:00,CUST01657,email,The product arrived defective — it stopped working after two days. I need a full refund.,I've merged both accounts and transferred all order history and loyalty points to your primary account.,Phone Case,389.05,Canada,escalated
d87c7582-f53e-4fae-a4d5-1ad474b6e4d3,2025-01-05 16:52:19,CUST81793,email,My discount code didn't apply at checkout but I was still charged full price. Can you adjust the total?,I've located your missing item — it was shipped separately and should arrive within 2 days.,Wireless Headphones,36.69,France,open
9567c036-5567-4d6c-9242-4461a6764278,2026-01-25 07:51:10,CUST88178,email,A charge appeared from a month I didn't use the service at all. I need an explanation.,,Wireless Headphones,406.31,Spain,open
f93c023f-3acb-4e06-a14d-994d5a44f36c,2025-12-12 06:47:04,CUST11624,web,I got a shipment notification for an order I never placed. Did someone use my account?,I'm sorry to hear the product didn't meet your expectations. I've raised a quality report and our team will follow up with next steps.,Air Purifier,438.75,Netherlands,escalated
6eb64a22-48d2-4d2d-adad-6842e6782317,2024-02-05 05:57:16,CUST46827,chat,I want to add an item to my existing order to save on shipping. Is that possible?,,,20.8,Singapore,open
bbda3c1b-b9a0-4fd2-8327-bcc22abf6977,2026-03-18 04:51:20,CUST56955,email,Can I split my order into two shipments — one to my home and one to my office?,,Electric Toothbrush,94.15,Germany,open
44444ed3-392b-4f07-a906-378da7380531,2025-07-31 17:31:23,CUST40254,email,I was charged for shipping but your website said free shipping on orders over $50. Mine was $74.,,Laptop Stand,486.87,Mexico,resolved
756a10b3-de00-4b1f-81f4-ac1295064888,2024-08-26 10:19:41,CUST23105,email,I want to add an item to my existing order to save on shipping. Is that possible?,"I can confirm we've received your return. The refund will be processed once our team inspects the item, usually within 5–7 days.",Running Shoes,,France,escalated
4cb77633-ce0f-448b-952b-166a6f0d96d6,2024-08-17 19:45:36,CUST57828,chat,Tracking says my item is stuck in a customs facility. What documents do I need to provide?,,Air Purifier,464.63,Canada,open
5e17ace4-ffaa-48d5-ae1b-3aaf543a5461,2026-04-28 09:46:59,CUST85474,web,The tracking number you sent me doesn't work on the carrier's website. Can you tell me where my package actually is?,,Electric Toothbrush,347.68,Japan,open
e9736ffe-5384-46f5-9ef4-3984d22d3a13,2024-03-03 06:19:29,CUST28140,email,I see a charge from your company on my card that I don't recognize. I didn't place any order recently.,,Coffee Maker,105.62,Netherlands,open
60106321-f29a-493a-ab01-3ff2e56cfe84,2025-03-07 17:52:33,CUST30187,email,I never received a shipping confirmation email. My order status just says 'confirmed'.,,Yoga Mat,306.49,United States,escalated
b08e7093-7c9d-4480-8b52-29cdb9547085,2025-07-14 21:28:26,CUST62656,chat,My discount code didn't apply at checkout but I was still charged full price. Can you adjust the total?,I've located your parcel — it appears there was a carrier delay. The updated delivery estimate is within the next 2 business days.,Water Bottle,115.69,Spain,open
b4633f2c-1d18-4ac7-91f4-9b5761981c4f,2025-10-07 15:03:19,CUST74266,chat,My tracking shows the package left the warehouse four days ago but there's been no update since.,I've located your parcel — it appears there was a carrier delay. The updated delivery estimate is within the next 2 business days.,Water Bottle,174.35,Spain,escalated
29da3ca6-b150-4f2e-823a-e3bff5ec1500,2025-08-06 17:48:39,CUST10646,chat,I placed an order 20 minutes ago with the wrong delivery address. Can you change it before it ships?,,Air Purifier,417.82,Germany,resolved
4e9c4cf9-57df-4d7d-887a-bd14394dd912,2024-03-06 14:33:25,CUST49478,email,The refund you promised two weeks ago still hasn't appeared in my account. When will it post?,Thank you for reaching out. I've looked into this and I'm escalating it to our logistics team right away. You'll hear back within 24 hours.,Sunglasses,418.78,Brazil,open
481cf9be-2193-4961-8a4b-27d9accfed7e,2025-03-22 21:49:28,CUST62730,chat,There's an unexplained $5 fee on my invoice. What is that for?,,Mechanical Keyboard,294.72,UAE,open
2ca4b23b-0988-4dd0-8636-eaa280131c1a,2025-02-04 15:38:20,CUST71589,chat,I was charged for the premium plan but I only signed up for the basic one. Please downgrade and refund the difference.,I'm sorry to hear about this experience. I've initiated a full refund which should appear in 3–5 business days.,Yoga Mat,76.39,Canada,open
109cf4ee-9d53-4aa5-9158-7b7b5c0067b4,2025-07-15 01:08:57,CUST65044,email,The delivery driver left my package in the rain and everything inside is damaged. I have photos.,,Air Purifier,303.39,Canada,resolved
c36d3856-a151-4d8a-acab-383937cdcd8c,2025-05-06 05:10:45,CUST44518,email,The order confirmation shows the wrong city in the shipping address. Please fix it urgently.,I'm sorry about the delayed shipment. I've submitted a carrier investigation request on your behalf.,Desk Lamp,176.75,Spain,open
15669058-ffd9-4d98-8c53-07060be3da9c,2024-12-04 11:00:50,CUST28338,email,My package has been bouncing between two distribution centres for five days. Is this normal?,,Phone Case,462.47,Brazil,open
ff913765-a2a4-44c4-bdf4-f16ffa2c5c31,2025-07-17 05:32:09,CUST27985,chat,My account shows a balance I didn't deposit. Where did it come from and is it real credit I can use?,I've removed the incorrect VAT and issued a corrected invoice to your billing email.,Air Purifier,79.76,Australia,open
9bcbdb0f-5b08-4672-9022-833e0c010e5c,2024-11-21 23:26:23,CUST21611,chat,There's a visible scratch on the product. It looks like it was returned and resold as new.,,,398.6,Netherlands,resolved
a87a3bc6-c050-4399-8f59-57a5e88d8aa7,2025-12-29 16:39:26,CUST14014,email,"My parcel shows 'delivered' but there's nothing at my door, my mailbox, or with my neighbors. Where is it?",,Smart Watch,108.01,South Africa,open
a9062a5d-6c16-44e4-b8b3-bc13c424127d,2024-05-21 00:29:53,CUST24955,chat,I set up two-factor authentication but I've lost the authenticator app. How do I recover access?,,Laptop Stand,58.56,UAE,resolved
f72e32f1-af78-4b12-8cb9-780e9a23451a,2026-04-01 12:32:14,CUST33428,chat,The delivery driver left my package in the rain and everything inside is damaged. I have photos.,,Water Bottle,189.57,UAE,open
66371893-9e8d-4286-8f9d-2127f9fb9eeb,2024-06-15 17:20:51,CUST25663,email,I installed the companion app but it doesn't detect the device even though it's right next to my phone.,Thank you for reporting this. I've removed the unrecognised device from your account and sent a security alert to your email.,Phone Case,252.95,France,resolved
21e4a982-724e-4480-ac8d-dfe3e1224203,2024-03-04 01:59:49,CUST15716,chat,You charged me in USD but I'm in Canada. My bank converted it at a terrible rate. Why wasn't I charged in CAD?,,Smart Watch,152.39,Mexico,open
bf3267a1-259e-435d-8383-888024625ba8,2024-04-18 03:13:02,CUST75207,email,Sound is only coming from one side. I've tested this with three different cables so it's not the cable.,,Phone Case,203.46,Japan,resolved
c4c28f85-40b5-41be-b7cf-0706e38f1888,2024-06-07 00:28:36,CUST21535,chat,Sound is only coming from one side. I've tested this with three different cables so it's not the cable.,I've removed the incorrect VAT and issued a corrected invoice to your billing email.,Yoga Mat,359.61,UAE,resolved
e4ccb5c3-40ab-4532-a671-14226cba9c99,2025-09-13 17:51:43,CUST57967,email,I paid for express shipping and it's been a week. That's not express. I want a refund on the shipping charge at minimum.,,Sunglasses,123.1,Canada,open
c6523a9b-7433-4ed1-b9eb-268204078f03,2024-03-23 02:28:51,CUST17026,email,I accidentally ordered two of the same item and I want to return one unopened one.,I've updated your subscription to the correct plan and issued a pro-rated refund for the difference.,Desk Lamp,,Singapore,resolved
b877840d-e081-4749-9e6c-fcd09daca39d,2026-02-03 14:04:49,CUST73477,email,I opened the packaging but the item is completely unused. Will you still accept the return?,,Coffee Maker,25.48,India,escalated
ea639553-7b3c-47a2-b35c-1da9604673dc,2024-07-04 01:38:29,CUST67567,email,The delivery driver left my package in the rain and everything inside is damaged. I have photos.,Your package was marked delivered in error. I've opened a trace with the carrier — we'll update you within 48 hours.,Sunglasses,90.43,India,open
e508a1d3-7f0f-4647-99f0-944f6c0f695b,2025-08-27 09:58:19,CUST71978,email,I can't find my order in my account. I have the confirmation email but it's not showing in my history.,,Laptop Stand,,Germany,open
c8879b12-19ee-4b8f-851f-d09b3566e176,2025-08-09 21:19:09,CUST95450,chat,Your courier left a 'missed delivery' note but I was home all day. Now I can't find a redelivery option on their site.,I've resent the password reset link to the email on file. Please check your spam folder if it doesn't arrive within a few minutes.,Running Shoes,384.95,South Africa,open
cc28c8f1-31a0-4335-bcbb-f355632760bc,2024-05-31 05:28:22,CUST65565,chat,Can you send a proper receipt to my email? The one I got doesn't show the item breakdown.,I've merged both accounts and transferred all order history and loyalty points to your primary account.,Phone Case,42.1,Germany,open
b8c437cf-4bf8-4228-a8a2-474811b338ca,2024-09-20 17:49:44,CUST08507,email,I followed the setup guide but the device won't connect to my Wi-Fi. It keeps saying 'network not found'.,,Sunglasses,,Brazil,resolved
57f5b51e-2f5b-4c39-8033-eb94b257114c,2025-05-06 16:30:34,CUST69659,chat,This feels very cheap and plasticky. The product description said it was aluminium.,Your package was marked delivered in error. I've opened a trace with the carrier — we'll update you within 48 hours.,Yoga Mat,384.8,France,open
7315b82c-d90d-45ea-943e-b28a91b4c2ee,2025-04-10 06:56:54,CUST56371,web,"I ordered two items together and they shipped separately. One arrived fine, the other is nowhere to be found.",I'm sorry to hear about this experience. I've initiated a full refund which should appear in 3–5 business days.,Mechanical Keyboard,120.68,Japan,escalated
46e9a07e-9996-4052-b7b0-fa46c9f86305,2024-05-27 03:55:30,CUST95419,web,One of the components was missing from the box. The product is unusable without it.,,Phone Case,157.91,Singapore,open
821e729a-0d40-4c21-98e4-2823657af67e,2026-04-18 18:42:17,CUST53664,email,My order confirmation shows one item but I thought I added two to my cart. Can you check?,,Electric Toothbrush,,Japan,resolved
ac602550-419f-42b0-bc0b-18945e7d22cc,2024-10-16 18:40:32,CUST97374,web,I'm getting an error code E-404 when I try to connect the device to my phone. What does that mean?,,Coffee Maker,188.49,Canada,open
d8b7856e-a84e-4707-8b97-3716ff9adcd0,2025-04-11 11:05:18,CUST66513,web,My account shows a balance I didn't deposit. Where did it come from and is it real credit I can use?,,Sunglasses,125.7,Australia,open
e9a8bfda-38f6-48c1-8f34-6cb73e6ade01,2024-10-25 03:08:51,CUST03477,email,The voice assistant feature keeps activating randomly. It's waking me up at night.,,Smart Watch,76.85,Germany,resolved
4fb93efa-2f63-4dd9-bba4-74a6de728419,2025-03-07 12:05:25,CUST82070,chat,Is it normal for a domestic shipment to take over two weeks? I'm starting to think it's lost.,I've located your parcel — it appears there was a carrier delay. The updated delivery estimate is within the next 2 business days.,Electric Toothbrush,449.42,South Africa,resolved
2e1e4ddd-3c99-4d2b-8fc4-f260fcc51d97,2024-05-20 06:51:45,CUST62319,email,The delivery driver left my package in the rain and everything inside is damaged. I have photos.,,Desk Lamp,133.39,Spain,open
16c91b6d-8921-4d2c-a3d3-aec65279c884,2024-07-08 22:48:38,CUST55963,web,My tracking shows the package left the warehouse four days ago but there's been no update since.,"I can confirm we've received your return. The refund will be processed once our team inspects the item, usually within 5–7 days.",Sunglasses,134.61,UAE,open
09fe2410-6d07-4e55-b02c-48beb5577b60,2026-04-08 17:12:07,CUST51586,email,I paid with PayPal but the order confirmation says payment pending. Did the payment go through or not?,,Electric Toothbrush,242.86,France,resolved
5d9eea19-762b-42f8-b2bc-61a1c4418afe,2024-02-02 17:42:12,CUST90034,email,"I ordered during your sale and was quoted one price, but my card was charged the regular price.",,Electric Toothbrush,69.81,Mexico,open
325eb7e5-b33c-404d-bf68-153d5a13ccd8,2025-11-18 05:58:18,CUST60644,chat,I can't find an option to download my past invoices. I need them for a tax return.,Thanks for flagging this. I've suspended any further charges while we investigate the billing error.,Electric Toothbrush,165.42,Singapore,resolved
ee72bc17-d060-4ec2-964e-c0f7e5c23dc2,2025-09-23 03:32:41,CUST04177,email,"The product doesn't fit. I'd like to exchange it for a different size, not a refund.",,Water Bottle,88.57,Germany,resolved
121567fb-3133-4813-8e0c-df7c17af45d7,2025-06-30 14:09:19,CUST69857,email,I paid for express shipping and it's been a week. That's not express. I want a refund on the shipping charge at minimum.,,Yoga Mat,76.69,India,open
e4a185c4-12d3-4617-b051-b852d9dcb664,2025-04-19 15:38:16,CUST59112,chat,My tracking shows the package left the warehouse four days ago but there's been no update since.,,Desk Lamp,231.23,Mexico,resolved
6b955fa6-b1a3-4da3-b75c-af332cc4a8fb,2025-02-08 22:51:01,CUST29543,chat,I received the wrong item entirely. I ordered a blue one and got a green one. How do I return it and get the right one?,I've located your missing item — it was shipped separately and should arrive within 2 days.,Water Bottle,120.0,United States,escalated
f7b356c4-a501-435e-92bf-b010adb4c243,2024-12-21 06:49:26,CUST17342,chat,The app crashes every time I try to open the order history tab. It's been like this for three days.,,Bluetooth Speaker,287.95,United States,resolved
924c13b7-6dd6-47c5-ac01-aabfad891bf5,2025-11-06 23:53:36,CUST77133,chat,"I ordered during your sale and was quoted one price, but my card was charged the regular price.",I've looked into the duplicate charge and confirmed the extra amount will be reversed within 3–5 business days.,Gaming Mouse,304.04,Mexico,open
29b84308-25b6-4140-a2e1-282499bdbe43,2024-10-21 03:58:14,CUST62620,chat,You're still charging me after I deleted my account. How is that possible?,I've processed a store credit for the full amount. It's now available in your account balance.,Bluetooth Speaker,327.15,United Kingdom,open
aa8a3b79-06da-4b76-8cee-a926f63358b6,2024-07-25 22:14:23,CUST56366,email,My account shows a balance I didn't deposit. Where did it come from and is it real credit I can use?,I've confirmed your return label has been regenerated and sent to your email. It's valid for 14 days.,Bluetooth Speaker,240.76,France,escalated
ca449b25-3818-4542-b756-7283efd480e4,2024-03-11 16:48:20,CUST04896,chat,I'm getting an error code E-404 when I try to connect the device to my phone. What does that mean?,,Electric Toothbrush,294.44,Germany,open
37bbca25-1c4a-4fa4-be26-c036649a3787,2026-02-04 14:24:01,CUST57215,email,I can't log in. It says my credentials are incorrect but I haven't changed my password.,Thanks for contacting us. I've applied the correct discount to your account and a revised invoice is on its way.,Air Purifier,486.95,Germany,resolved
d79d9c48-5bf7-476c-8b32-f8828cecb648,2025-10-30 02:46:08,CUST44948,chat,I got a shipment notification for an order I never placed. Did someone use my account?,I've looked into the duplicate charge and confirmed the extra amount will be reversed within 3–5 business days.,Air Purifier,462.2,South Africa,resolved
40a1408d-5a0d-4fe8-9541-843bb58964af,2024-03-23 16:16:01,CUST32032,chat,A charge appeared from a month I didn't use the service at all. I need an explanation.,I've processed a store credit for the full amount. It's now available in your account balance.,Electric Toothbrush,29.99,France,escalated
66285b2f-6859-4a51-9447-ab08d38d619a,2026-01-23 17:32:56,CUST77121,chat,The carrier says 'address not found' but I've received packages here before. This makes no sense.,,Air Purifier,413.06,UAE,escalated
8f6a6652-9e4c-474f-a8ce-dd69fc888181,2024-11-25 22:42:09,CUST90892,email,The delivery driver left my package in the rain and everything inside is damaged. I have photos.,I've looked into the duplicate charge and confirmed the extra amount will be reversed within 3–5 business days.,Electric Toothbrush,149.3,South Africa,open
160499c4-a73b-44ae-a2d6-2a117f3b3cd6,2025-08-03 07:15:47,CUST91520,chat,The coating is peeling after just a few uses. I followed all the care instructions.,,Mechanical Keyboard,171.42,United States,resolved
106c54e0-f73d-4905-90bd-405e8db4b129,2025-12-04 20:52:00,CUST59230,web,I need to split this payment across two cards. Is that something you support?,I'm sorry to hear about this experience. I've initiated a full refund which should appear in 3–5 business days.,Laptop Stand,196.88,India,open
0ba7a14e-6155-41d1-9c91-4b959866af6f,2025-01-07 22:50:09,CUST61032,chat,I'm getting an error code E-404 when I try to connect the device to my phone. What does that mean?,I can see the payment did go through — the pending status is a display lag. Your order is confirmed.,Air Purifier,250.51,India,resolved
cbe61de0-5e05-41c2-a65b-69f36fd480fb,2025-04-26 17:24:52,CUST92515,email,There's a visible scratch on the product. It looks like it was returned and resold as new.,,Sunglasses,217.3,Singapore,open
833fa708-54bb-4e1b-8a3b-046e9291e106,2025-07-26 00:50:03,CUST92661,chat,I accidentally ordered two of the same item and I want to return one unopened one.,,Wireless Headphones,85.98,Brazil,resolved
cf9bd92c-e431-49d5-8fda-99ce58cabcf5,2026-03-26 01:24:20,CUST14761,web,This feels very cheap and plasticky. The product description said it was aluminium.,I apologise for the inconvenience. I've flagged this with our warehouse team and we'll get back to you within one business day.,Sunglasses,266.32,Germany,resolved
9009359e-184f-40be-a4e3-d594eee77ff6,2024-04-28 21:20:20,CUST08186,email,I received an order confirmation but my payment hasn't been debited. Is the order actually placed?,,Sunglasses,296.93,Singapore,resolved
c439728b-d1d9-4bc9-a1ff-03bed7faa6a8,2024-06-25 23:49:22,CUST72260,chat,A charge appeared from a month I didn't use the service at all. I need an explanation.,"I've forwarded your firmware issue to our engineering team. As an interim step, try rolling back to the previous version using these steps: hold the reset button for 10 seconds while powering on.",Wireless Headphones,405.84,France,escalated
b406856f-4283-445c-a2b7-c6f2787f49e1,2024-10-17 19:00:49,CUST32194,web,I got a shipment notification for an order I never placed. Did someone use my account?,,,16.52,South Africa,open
0546c03b-a99f-475f-84b0-fcece56c7942,2025-09-21 06:54:33,CUST97499,chat,The Bluetooth on this device disconnects constantly. I've tried re-pairing it multiple times.,,Air Purifier,,United Kingdom,resolved
75beb2ed-87c6-4dc1-8439-f8b32199fe74,2024-10-19 09:23:28,CUST03723,email,My order was supposed to arrive by Thursday but it's now Sunday and nothing. I needed this for an event that already happened.,I can see the payment did go through — the pending status is a display lag. Your order is confirmed.,Yoga Mat,67.06,Spain,open
cb7e1526-4f8d-4d38-a168-6fd920d75bab,2025-11-22 16:43:03,CUST77079,chat,I paid with PayPal but the order confirmation says payment pending. Did the payment go through or not?,,Coffee Maker,60.31,Mexico,resolved
0791a9a0-9b76-4a56-ab1b-f4bc65444252,2025-10-07 17:53:37,CUST79984,chat,I installed the companion app but it doesn't detect the device even though it's right next to my phone.,,Mechanical Keyboard,453.49,Mexico,open
21ead170-9909-4e99-9aac-3cbef26f4b9c,2024-04-04 07:14:04,CUST80695,email,I paid with PayPal but the order confirmation says payment pending. Did the payment go through or not?,,Yoga Mat,315.12,South Africa,open
fafb6767-a30f-4f1b-95df-f2935661a48b,2025-11-08 15:50:00,CUST02437,chat,My bank is flagging your charge as suspicious and blocking it. Can you provide merchant details so I can whitelist you?,,Wireless Headphones,305.03,Mexico,resolved
50850c8e-b4ea-4ec3-bc93-08b23c1492f1,2025-12-28 17:43:34,CUST24665,web,I paid for express shipping and it's been a week. That's not express. I want a refund on the shipping charge at minimum.,,Running Shoes,246.62,Canada,open
7a41fce6-11c4-4d04-98a3-cb07afde4d1f,2026-02-03 14:00:51,CUST16743,chat,Tracking says my item is stuck in a customs facility. What documents do I need to provide?,,Sunglasses,87.72,Mexico,resolved
37ca3b84-07ea-4e3e-b3f9-ae495e86a4d4,2026-02-21 03:03:14,CUST01561,email,The delivery driver left my package in the rain and everything inside is damaged. I have photos.,,Bluetooth Speaker,386.99,Singapore,resolved
5c9060f9-f839-48fc-b7c1-933ed6ab366d,2025-02-19 12:47:45,CUST28910,web,The order was marked as delivered but I never received anything. This is the second time this has happened.,,Desk Lamp,61.89,UAE,resolved
f3f939dd-5f11-4618-92dc-116f373bc484,2024-06-07 05:54:56,CUST80812,email,My order was supposed to arrive by Thursday but it's now Sunday and nothing. I needed this for an event that already happened.,,Sunglasses,383.36,Brazil,resolved
83388c4a-c845-4066-99e7-227fab89d7f4,2024-06-03 05:57:27,CUST25521,web,My order was cancelled without any explanation. I didn't cancel it. What happened?,,Coffee Maker,406.48,France,open
270178c7-58b0-47b3-8949-c46925e459ba,2024-09-23 01:06:09,CUST14565,email,My account shows a balance I didn't deposit. Where did it come from and is it real credit I can use?,I can see the payment did go through — the pending status is a display lag. Your order is confirmed.,Desk Lamp,402.87,India,escalated
4e75203f-3780-4d04-89d6-f11627020a3d,2025-12-13 15:33:13,CUST85072,web,I got a shipment notification for an order I never placed. Did someone use my account?,Thank you for reporting this. I've removed the unrecognised device from your account and sent a security alert to your email.,Desk Lamp,40.12,Singapore,open
4701b174-fbd3-4e2e-a618-720d900ca2f1,2024-08-22 11:54:07,CUST90846,email,I need to split this payment across two cards. Is that something you support?,,Bluetooth Speaker,,Germany,escalated
e7c5031f-7b99-44b3-8060-d88b69b69c41,2024-08-16 03:24:18,CUST67389,web,My order was cancelled without any explanation. I didn't cancel it. What happened?,,Desk Lamp,389.95,Spain,open
74badc1a-35f7-450c-a39d-f2397e0198d9,2024-02-27 10:20:52,CUST85628,web,I can't find an option to download my past invoices. I need them for a tax return.,I'm sorry about the delayed shipment. I've submitted a carrier investigation request on your behalf.,Laptop Stand,321.49,United States,open
158ea108-29f8-4c20-b8d5-65b927bea17b,2026-04-18 18:08:52,CUST94346,web,The tracking number you sent me doesn't work on the carrier's website. Can you tell me where my package actually is?,,Sunglasses,183.69,United States,resolved
f557f4a8-d2ee-4fd2-9834-ca5ef728d99b,2024-07-12 19:00:35,CUST74907,chat,My discount code didn't apply at checkout but I was still charged full price. Can you adjust the total?,,Mechanical Keyboard,469.39,South Africa,resolved
4243c679-ded6-414d-a22c-4b2ecc76888a,2024-12-29 06:06:31,CUST54492,email,The invoice I received has the wrong VAT number on it. I need a corrected invoice for my accounting.,I'm sorry about the delayed shipment. I've submitted a carrier investigation request on your behalf.,Water Bottle,232.61,Canada,resolved
5d3088e6-d565-4f89-a1e1-cfeaed4f7be7,2025-10-02 02:26:51,CUST11062,email,I placed an order 20 minutes ago with the wrong delivery address. Can you change it before it ships?,Your package was marked delivered in error. I've opened a trace with the carrier — we'll update you within 48 hours.,Mechanical Keyboard,391.62,Mexico,open
04e643ec-347e-4347-a1f4-e72aa9dbe7f3,2026-02-13 21:37:47,CUST67762,chat,My package was apparently delivered to the wrong address according to the carrier. What do I do now?,,Running Shoes,269.28,Japan,open
0e0f946c-b8c0-492d-a60f-7fcd01fb9232,2026-01-05 07:58:28,CUST02851,email,My account shows I'm logged in on a device I don't recognize. How do I remove it?,I've resent the password reset link to the email on file. Please check your spam folder if it doesn't arrive within a few minutes.,Coffee Maker,67.69,Germany,escalated
075d6261-7bd4-46e9-bd41-67e65fcfff24,2025-04-16 02:21:19,CUST47022,web,The product stopped turning on after the last firmware update. Now it's just a brick.,I've located your missing item — it was shipped separately and should arrive within 2 days.,Sunglasses,411.37,Brazil,open
d75c7188-199e-4660-9a8f-fed8823f4933,2026-04-30 13:40:12,CUST51067,email,I need to change the quantity on an order I placed. Can that be done after the order is confirmed?,,Yoga Mat,418.5,Canada,resolved
8c3f1da2-41f0-4fa4-bcef-ef60126a1727,2026-02-23 02:57:38,CUST77725,chat,I can't log in. It says my credentials are incorrect but I haven't changed my password.,I've located your missing item — it was shipped separately and should arrive within 2 days.,Laptop Stand,,South Africa,escalated
88aa2097-3189-4e2f-8d18-bd2dfa777000,2025-03-06 21:17:35,CUST12094,email,I never received a shipping confirmation email. My order status just says 'confirmed'.,,Mechanical Keyboard,381.23,UAE,resolved
f75b6c31-a474-4f51-9fc7-820b7a1721a0,2026-01-09 04:26:25,CUST80182,web,My bank is flagging your charge as suspicious and blocking it. Can you provide merchant details so I can whitelist you?,,Running Shoes,293.98,United Kingdom,resolved
aa06dd44-1975-42e2-8c10-a05a6db46d42,2025-05-12 18:32:22,CUST69070,chat,I ordered over a month ago and the status hasn't changed from 'processing'. Is this order ever going to ship?,,Bluetooth Speaker,54.6,United Kingdom,resolved
67e895cb-994a-41a7-91f9-eef16ca1f368,2025-03-19 06:41:00,CUST22412,chat,The button on the side stopped responding. Everything else works fine but that one button is dead.,,Bluetooth Speaker,359.52,Germany,open
de3ec65b-6f61-475e-a76a-2faae5b950b0,2025-05-12 04:00:38,CUST26546,web,I got a shipment notification for an order I never placed. Did someone use my account?,I've cancelled your order as requested. You won't be charged and any pending holds will clear within 2–3 business days.,Mechanical Keyboard,259.22,Netherlands,open
8a18cd9d-2844-430e-a69d-1d3cdf017569,2024-06-27 18:32:40,CUST40578,email,There's a visible scratch on the product. It looks like it was returned and resold as new.,I've merged both accounts and transferred all order history and loyalty points to your primary account.,Electric Toothbrush,,Netherlands,escalated
e914b66b-542c-4cca-aae4-076e2f78daa3,2024-06-06 16:32:43,CUST38249,email,Is it normal for a domestic shipment to take over two weeks? I'm starting to think it's lost.,,Desk Lamp,192.92,Canada,resolved
e9c13f83-9064-44b0-bb5d-b280f41d2369,2026-04-15 00:46:50,CUST68700,web,I can't find an option to download my past invoices. I need them for a tax return.,,Coffee Maker,246.27,UAE,open
61ba6aa1-18d0-4e6e-962b-c9c5396f51ea,2025-08-13 13:09:00,CUST53984,chat,My package has been bouncing between two distribution centres for five days. Is this normal?,I've applied a $10 goodwill credit to your account for the inconvenience. It'll appear automatically at your next checkout.,Water Bottle,282.67,Germany,resolved
23df8755-e341-47fb-8e66-2eb14f7697ea,2024-11-23 13:03:51,CUST98554,web,I want to cancel my order. It hasn't shipped yet so this should be straightforward.,Your package was marked delivered in error. I've opened a trace with the carrier — we'll update you within 48 hours.,Bluetooth Speaker,479.91,France,open
531d0a68-5d00-4922-bceb-16e4615550c6,2024-07-26 17:39:25,CUST09700,email,The app crashes every time I try to open the order history tab. It's been like this for three days.,,Yoga Mat,273.68,Singapore,resolved
cdb6bd1a-1924-4566-b2cc-6502aa0c1a6b,2024-04-30 10:16:16,CUST80715,web,I dropped the item off at the carrier three weeks ago and my refund still hasn't processed.,,Air Purifier,407.82,United States,open
d9fad9b0-da10-42ca-b351-5b4e606bb235,2025-07-29 12:31:09,CUST37030,email,I received the wrong item entirely. I ordered a blue one and got a green one. How do I return it and get the right one?,I've removed the incorrect VAT and issued a corrected invoice to your billing email.,Sunglasses,118.36,Brazil,escalated
950bf33b-2aed-48ff-b621-2409a3eb3753,2024-02-27 03:51:21,CUST47930,chat,The screen is flickering randomly. It started after I updated the firmware last week.,I'm sorry to hear the product didn't meet your expectations. I've raised a quality report and our team will follow up with next steps.,Yoga Mat,104.95,Japan,resolved
b4caf254-1cad-46f1-8b5f-43cac6bb2839,2024-09-29 16:11:22,CUST19212,chat,A charge appeared from a month I didn't use the service at all. I need an explanation.,,Sunglasses,342.21,Japan,resolved
14c963a8-ec85-422f-aa47-d242f74db495,2025-01-27 21:34:51,CUST87060,web,I was told returns are free but the portal is asking me to pay $12 for return shipping. That's not right.,,Sunglasses,263.96,Brazil,open
ba899f26-2c7a-4263-9f6b-e9a450d97950,2024-03-08 12:28:49,CUST30468,email,I was charged for shipping but your website said free shipping on orders over $50. Mine was $74.,Thank you for reporting this. I've removed the unrecognised device from your account and sent a security alert to your email.,Mechanical Keyboard,495.23,Australia,escalated
1f494e4c-a9b1-494a-a4ae-adef15924a9d,2025-10-20 09:09:51,CUST13325,chat,"I ordered two items together and they shipped separately. One arrived fine, the other is nowhere to be found.",Your case has been escalated to our technical team. They'll reach out within 48 hours with a solution.,Mechanical Keyboard,468.18,Mexico,open
0af32c7c-698d-4490-b929-8fae7839f3ee,2024-06-16 12:35:27,CUST73505,email,You charged me in USD but I'm in Canada. My bank converted it at a terrible rate. Why wasn't I charged in CAD?,,Mechanical Keyboard,56.88,Brazil,resolved
ef0c747a-64ff-408f-b850-06c31c0ec54a,2024-05-12 20:57:52,CUST00651,web,Is it normal for a domestic shipment to take over two weeks? I'm starting to think it's lost.,,Sunglasses,221.6,United Kingdom,resolved
11124a98-f975-478a-bb63-77c73da60bcc,2024-03-22 02:16:27,CUST46619,email,I'm trying to update my payment method and the page keeps timing out. My subscription is about to lapse.,,Mechanical Keyboard,,India,open
4a5377f4-38bf-4bc8-b4f8-d6deda72a4c3,2025-10-27 00:56:19,CUST99150,email,"I initiated a return and got a confirmation, but I've heard nothing since. What's the status?",,Coffee Maker,43.1,Singapore,resolved
d992ce2e-bd2b-4145-aa2a-119b26a17b77,2024-07-14 16:56:07,CUST84567,email,I placed a bulk order for my company and need to update the billing details. Who do I contact?,I apologise for the inconvenience. I've flagged this with our warehouse team and we'll get back to you within one business day.,Coffee Maker,296.42,Netherlands,escalated
67f9b0e3-de7e-47c6-8da4-1605a6850ec3,2025-07-09 17:38:58,CUST49822,email,"I initiated a return and got a confirmation, but I've heard nothing since. What's the status?",Thank you for reaching out. I've looked into this and I'm escalating it to our logistics team right away. You'll hear back within 24 hours.,Wireless Headphones,38.09,Netherlands,resolved
bb72899f-7b73-4c7f-989b-22f55e4ef28f,2024-03-25 19:54:26,CUST65333,web,Your return portal says my order isn't eligible for return but it's within the 30-day window. Please help.,I've looked into the duplicate charge and confirmed the extra amount will be reversed within 3–5 business days.,Yoga Mat,172.26,UAE,resolved
3b430e41-4da5-4749-ad0a-6f77ddf3169b,2025-06-05 10:19:47,CUST94652,chat,My tracking shows the package left the warehouse four days ago but there's been no update since.,,Wireless Headphones,122.83,UAE,open
7b94a2c5-3d0c-46f7-ae25-37e1d6ff3ceb,2026-01-16 19:31:03,CUST56362,web,I never received a shipping confirmation email. My order status just says 'confirmed'.,I've confirmed your order details and can see the issue. A replacement has been dispatched — you'll receive tracking info shortly.,Laptop Stand,152.38,Australia,resolved
71f4249f-5701-4f0e-948a-3b07ca2affb9,2025-07-13 02:23:20,CUST00334,chat,The refund you promised two weeks ago still hasn't appeared in my account. When will it post?,,Laptop Stand,106.03,Canada,resolved
467f2e1f-adf7-4940-a5b4-4a6db4af6420,2024-06-06 04:38:41,CUST02615,web,The refund you promised two weeks ago still hasn't appeared in my account. When will it post?,,Bluetooth Speaker,471.17,Singapore,escalated
4d4e0bed-8fb1-4974-a2f7-746e9071b34f,2025-11-04 18:10:52,CUST11223,chat,How long does a refund typically take once you receive the item back at the warehouse?,,Gaming Mouse,129.83,United States,resolved
08c98ad6-9c65-463b-88a9-f7535d661b33,2024-10-20 18:14:22,CUST84253,chat,I cancelled my subscription three weeks ago and I've just been charged again this month. Please reverse it.,,Mechanical Keyboard,112.53,United Kingdom,resolved
23223c30-37e0-42cd-8e86-3a6d1561ed25,2024-04-10 18:38:32,CUST28685,email,Can I split my order into two shipments — one to my home and one to my office?,I've processed a full refund including return shipping costs. The amount will post in 3–5 business days.,Running Shoes,478.32,Brazil,open
d807ea12-ab26-4c61-8d4f-331701282ee9,2025-09-14 20:21:10,CUST90333,email,I need to split this payment across two cards. Is that something you support?,I've located your parcel — it appears there was a carrier delay. The updated delivery estimate is within the next 2 business days.,Gaming Mouse,468.39,France,open
f375cdb1-d123-47d3-89d1-5a60ed62bb83,2024-05-11 16:02:29,CUST21478,chat,The order confirmation shows the wrong city in the shipping address. Please fix it urgently.,,Gaming Mouse,221.93,France,resolved
550bcfe7-1d86-4574-a19e-75cd8487b7d4,2025-05-07 11:22:41,CUST46027,chat,My package was apparently delivered to the wrong address according to the carrier. What do I do now?,I've confirmed your order details and can see the issue. A replacement has been dispatched — you'll receive tracking info shortly.,Laptop Stand,325.39,Singapore,open
9e403f6e-5284-49c1-9419-4d25f5156a34,2024-12-19 18:49:19,CUST11150,email,I opened the packaging but the item is completely unused. Will you still accept the return?,Thank you for reporting this. I've removed the unrecognised device from your account and sent a security alert to your email.,Running Shoes,344.93,Germany,open
8810b267-38fd-4d93-90b1-edb429253d85,2024-08-02 03:59:03,CUST84044,web,The screen is flickering randomly. It started after I updated the firmware last week.,,Desk Lamp,241.28,Netherlands,escalated
82761f26-6b00-413b-92d1-94c99470e591,2024-08-19 21:36:15,CUST63337,chat,I want to cancel my order. It hasn't shipped yet so this should be straightforward.,,Desk Lamp,424.44,India,resolved
bec56003-1107-46f7-b824-4a50d0e717d2,2025-10-10 20:31:56,CUST37780,chat,I got a shipment notification for an order I never placed. Did someone use my account?,"I've forwarded your firmware issue to our engineering team. As an interim step, try rolling back to the previous version using these steps: hold the reset button for 10 seconds while powering on.",,418.81,France,open
8b9f65c8-f6e3-4310-aba8-9ddfadc50cba,2025-10-23 07:58:03,CUST68459,chat,I ordered a gift to arrive before my daughter's birthday. It's three days late. I'm really disappointed.,,Bluetooth Speaker,401.58,Spain,resolved
e70741e7-15ca-40a3-a44d-1bd709cc556c,2025-08-30 05:16:55,CUST63618,chat,The product looks nothing like the photos on the website. The colour is completely different.,Thank you for the photos — I can clearly see the damage. A replacement unit will ship within 1–2 business days.,Wireless Headphones,55.69,United Kingdom,resolved
b2bfd08c-cdd8-4814-b6d9-e2245b52852d,2024-10-02 22:45:13,CUST09702,chat,The return shipping label you sent me is expired. Can you generate a new one?,I've cancelled your order as requested. You won't be charged and any pending holds will clear within 2–3 business days.,Laptop Stand,,United States,open
146c934a-9f46-4e1c-9c7d-a403368ec3b1,2024-01-18 03:51:55,CUST25662,web,The order confirmation shows the wrong city in the shipping address. Please fix it urgently.,,Phone Case,452.76,Australia,open
8949559a-38d0-454c-8b21-3ac11d79b743,2024-11-15 12:11:40,CUST46729,email,The refund you promised two weeks ago still hasn't appeared in my account. When will it post?,,Wireless Headphones,108.83,Canada,open
bd1cb23e-f907-4a04-904a-2f63a573e738,2025-09-12 04:37:51,CUST93859,web,The order was marked as delivered but I never received anything. This is the second time this has happened.,,,326.69,Spain,open
30aac60f-90bb-4e17-82cd-9355358b2e96,2025-04-07 01:41:32,CUST69263,chat,My account shows I'm logged in on a device I don't recognize. How do I remove it?,,Air Purifier,56.81,Japan,escalated
fb9c179c-528b-44f7-b7de-75a5bc0f769f,2025-01-07 08:29:12,CUST24841,email,I ordered over a month ago and the status hasn't changed from 'processing'. Is this order ever going to ship?,,Desk Lamp,497.71,United Kingdom,resolved
ec92884e-1875-4af6-8672-b1c5be03c849,2026-02-22 13:12:09,CUST56724,chat,The tracking number you sent me doesn't work on the carrier's website. Can you tell me where my package actually is?,,Running Shoes,236.33,France,resolved
32db374e-19e5-4431-b455-50e3861b8e19,2024-10-28 23:53:27,CUST60041,email,I ordered over a month ago and the status hasn't changed from 'processing'. Is this order ever going to ship?,"I've forwarded your firmware issue to our engineering team. As an interim step, try rolling back to the previous version using these steps: hold the reset button for 10 seconds while powering on.",Yoga Mat,,Netherlands,resolved
a08dd479-9d32-4c4d-ab87-028e18288e77,2025-11-10 23:31:14,CUST27422,web,I was charged for shipping but your website said free shipping on orders over $50. Mine was $74.,Thanks for contacting us. I've applied the correct discount to your account and a revised invoice is on its way.,Gaming Mouse,338.98,United States,resolved
b7e14e09-c35a-45bd-a429-c657739c07c6,2024-08-26 10:45:48,CUST75230,web,I got a shipment notification for an order I never placed. Did someone use my account?,,,266.21,South Africa,resolved
acf96374-fa13-4f42-8cad-808dd9d3aedc,2024-06-08 16:24:41,CUST64709,chat,I received the wrong item entirely. I ordered a blue one and got a green one. How do I return it and get the right one?,,Bluetooth Speaker,107.99,United States,open
621e417c-c133-4eb0-af12-395acb55f93c,2024-01-23 14:50:05,CUST53131,web,I never received a shipping confirmation email. My order status just says 'confirmed'.,,,409.66,France,resolved
15ab3be0-d86f-46c1-94d2-9848b6e176d7,2024-10-21 10:50:39,CUST93866,chat,"My parcel shows 'delivered' but there's nothing at my door, my mailbox, or with my neighbors. Where is it?",Thank you for reporting this. I've removed the unrecognised device from your account and sent a security alert to your email.,Gaming Mouse,15.87,Australia,open
caf84d5a-0a9a-48cf-a757-84e93a40988c,2024-04-12 13:15:55,CUST49501,web,After charging overnight the battery is still showing 40%. Is the charging port defective?,I've updated your subscription to the correct plan and issued a pro-rated refund for the difference.,Phone Case,397.72,Spain,resolved
3eb8323c-4bdf-47aa-beb1-49e236209261,2024-09-23 08:27:32,CUST41956,email,Your courier left a 'missed delivery' note but I was home all day. Now I can't find a redelivery option on their site.,I've merged both accounts and transferred all order history and loyalty points to your primary account.,Running Shoes,427.26,Brazil,open
7adfdcb8-dc76-49c4-ade2-ca30f6e7f81e,2024-01-28 09:59:41,CUST99768,email,The price I was shown at checkout was different from what appeared on the final confirmation. By about $12.,,Coffee Maker,312.01,Spain,open
3964658b-beb2-4485-b159-e4618e8b915a,2025-01-02 05:29:37,CUST63910,chat,I forgot my password and the reset email never arrived. I've checked spam and it's not there.,I apologise for the inconvenience. I've flagged this with our warehouse team and we'll get back to you within one business day.,Wireless Headphones,,Spain,resolved
a3ad8326-40d9-43a9-8ab2-3faee9a8bbb5,2025-11-20 07:18:42,CUST52450,email,After charging overnight the battery is still showing 40%. Is the charging port defective?,,Coffee Maker,369.11,France,open
e1740d8c-4e60-497b-98d6-90dbee30d758,2026-04-17 18:59:58,CUST03396,email,My order was supposed to arrive by Thursday but it's now Sunday and nothing. I needed this for an event that already happened.,,,44.29,Australia,open
6eca5015-6f97-420e-9eec-9e8a454b5c69,2024-08-07 20:41:44,CUST32129,email,I never received a shipping confirmation email. My order status just says 'confirmed'.,I've confirmed your order details and can see the issue. A replacement has been dispatched — you'll receive tracking info shortly.,Yoga Mat,363.62,Australia,open
a07f81e6-af30-44c9-96a9-5bdf80fd2332,2025-01-21 18:15:11,CUST44973,chat,The product smells strongly of chemicals. Is that normal? It doesn't seem safe.,I've resent the password reset link to the email on file. Please check your spam folder if it doesn't arrive within a few minutes.,Air Purifier,217.12,UAE,resolved
933a61ab-e805-4f32-9652-f33c371aa818,2024-08-30 03:34:13,CUST70661,email,I paid with PayPal but the order confirmation says payment pending. Did the payment go through or not?,,Running Shoes,196.42,Germany,open
e85796cd-cff6-4463-96ac-8d643d7fa5bd,2025-08-05 18:29:22,CUST89715,chat,I want to add an item to my existing order to save on shipping. Is that possible?,"I've confirmed your cancellation. If the package ships before the cancellation processes, you can refuse delivery for a full refund.",Coffee Maker,367.88,France,open
227b4b7e-9a4d-45ea-867b-ef69ed321ca6,2025-10-07 22:53:57,CUST65674,email,I was charged for shipping but your website said free shipping on orders over $50. Mine was $74.,,,198.56,UAE,open
100f146b-f3c3-40c5-b19a-cb0d7230d116,2025-11-08 18:21:58,CUST45875,email,Your return portal says my order isn't eligible for return but it's within the 30-day window. Please help.,,Smart Watch,461.52,France,resolved
607538f3-1f1b-4174-b748-9d9b26b924d3,2024-02-13 21:27:46,CUST24972,chat,My order was supposed to arrive by Thursday but it's now Sunday and nothing. I needed this for an event that already happened.,I can see the payment did go through — the pending status is a display lag. Your order is confirmed.,Running Shoes,204.86,UAE,escalated
88e9cc19-a7ae-4fec-8e08-da5d39126031,2024-05-04 19:36:08,CUST83626,chat,I applied a store credit but the full amount was still charged to my card. The credit seems to have disappeared.,,Electric Toothbrush,160.91,India,resolved
21a53ad2-e370-49fb-9a89-06dcc6eb6097,2024-05-18 01:26:31,CUST19524,email,Your website is extremely slow on mobile. Pages take 15+ seconds to load and sometimes just white-screen.,,,250.94,United Kingdom,open
86d16d0e-4eed-4b48-8971-e31423c36fdc,2025-10-11 02:11:22,CUST86462,chat,Is it normal for a domestic shipment to take over two weeks? I'm starting to think it's lost.,,Air Purifier,64.02,UAE,resolved
a60fb7ef-dba7-4853-a71a-b1e918224132,2024-10-15 09:05:16,CUST30234,web,The voice assistant feature keeps activating randomly. It's waking me up at night.,,Phone Case,91.4,Germany,open
5cca3e81-aed7-4afb-a914-1074c27f928d,2024-07-12 16:27:58,CUST41509,chat,The coating is peeling after just a few uses. I followed all the care instructions.,,Coffee Maker,478.05,South Africa,resolved
ed231aa6-e70c-4058-b379-f58f456122df,2024-03-06 00:37:46,CUST13806,email,Can you send a proper receipt to my email? The one I got doesn't show the item breakdown.,,Bluetooth Speaker,174.91,South Africa,escalated
9d15f5d9-f44f-4870-903f-501a6a23df90,2025-05-04 16:23:42,CUST35669,chat,Your return portal says my order isn't eligible for return but it's within the 30-day window. Please help.,,Coffee Maker,352.17,Japan,resolved
b2a4cea9-26ed-4ea3-babd-2caeedfd9aeb,2024-08-03 17:11:20,CUST09184,web,The price I was shown at checkout was different from what appeared on the final confirmation. By about $12.,I've updated your subscription to the correct plan and issued a pro-rated refund for the difference.,Water Bottle,212.43,Australia,open
81ef6051-bdb4-4cf8-97c5-7c715d481f4b,2025-05-15 11:52:27,CUST05057,chat,The product stopped working after a week of normal use. That's not acceptable for the price I paid.,,Phone Case,470.15,Spain,open
b1a60756-6ed8-4560-a9cf-2c35b7275fef,2024-06-05 01:15:38,CUST64932,web,I changed my email address but the verification email went to the old address I no longer have access to.,I've looked into the duplicate charge and confirmed the extra amount will be reversed within 3–5 business days.,Sunglasses,498.19,Mexico,open
d3e0c15a-7a9b-46cd-afec-db0e29cf9719,2025-11-24 06:46:26,CUST17833,chat,"I ordered two items together and they shipped separately. One arrived fine, the other is nowhere to be found.",I've processed a full refund including return shipping costs. The amount will post in 3–5 business days.,,169.99,India,resolved
b67a0b45-4013-41da-82b4-36285e2e21db,2024-12-08 08:12:50,CUST47128,email,The size is way off from what the size chart says. I measured carefully before ordering.,I've processed a full refund including return shipping costs. The amount will post in 3–5 business days.,Smart Watch,385.51,UAE,open
95d06367-8560-49de-8e77-7a375db8504f,2025-06-17 04:23:04,CUST66863,chat,Can I change my delivery to a parcel locker instead of home delivery?,Thanks for contacting us. I've applied the correct discount to your account and a revised invoice is on its way.,Running Shoes,102.2,United Kingdom,resolved
c522b7a2-32fd-4cdd-8393-b7b1435a297a,2024-07-16 22:28:02,CUST56904,chat,I never received a shipping confirmation email. My order status just says 'confirmed'.,,Bluetooth Speaker,400.78,Spain,resolved
2c44a398-6424-44d1-bf03-f7f078505474,2026-03-18 09:44:09,CUST99316,chat,I placed a bulk order for my company and need to update the billing details. Who do I contact?,I've removed the incorrect VAT and issued a corrected invoice to your billing email.,Water Bottle,343.19,Canada,resolved
40a15271-a57a-4b87-8ed8-d529d068cdd8,2024-08-14 14:27:13,CUST09548,web,I need this order to arrive before I leave for a trip on Friday. Is that possible?,Thanks for flagging this. I've suspended any further charges while we investigate the billing error.,Yoga Mat,115.7,Germany,resolved
67446a14-cf07-43ad-8cb2-d21b7188c1e6,2025-08-08 04:42:56,CUST05233,email,"My parcel shows 'delivered' but there's nothing at my door, my mailbox, or with my neighbors. Where is it?",,Water Bottle,201.99,Mexico,resolved
c2d7e255-d567-408c-8079-a20dd1725105,2024-09-04 07:09:12,CUST08656,email,The item broke within the warranty period. Do I return it or is there a repair service?,,Laptop Stand,148.36,Spain,open
73c256b1-4d4b-4cca-9d13-cf62b704bd6f,2025-09-03 16:54:04,CUST12590,web,There's an unexplained $5 fee on my invoice. What is that for?,,Air Purifier,246.4,Spain,open
be163a65-3cd1-462f-be42-b2fd3bb61f7e,2024-12-04 20:43:01,CUST30591,email,Your courier left a 'missed delivery' note but I was home all day. Now I can't find a redelivery option on their site.,Your case has been escalated to our technical team. They'll reach out within 48 hours with a solution.,Air Purifier,57.06,Brazil,open
9a2e0e7f-6343-44b4-a3fe-e8a83b92c4f5,2024-03-22 12:18:08,CUST18596,web,The screen is flickering randomly. It started after I updated the firmware last week.,Thanks for contacting us. I've applied the correct discount to your account and a revised invoice is on its way.,Yoga Mat,302.12,Canada,resolved
1525f334-4636-440d-9c22-49487bd8d836,2025-08-06 02:52:08,CUST17647,chat,I ordered a gift to arrive before my daughter's birthday. It's three days late. I'm really disappointed.,Thanks for contacting us. I've applied the correct discount to your account and a revised invoice is on its way.,Wireless Headphones,120.22,UAE,resolved
fef546f5-515f-4d5c-9741-36d36f5fcef9,2026-01-14 20:59:41,CUST41926,email,I'm getting an error code E-404 when I try to connect the device to my phone. What does that mean?,I apologise for the inconvenience. I've flagged this with our warehouse team and we'll get back to you within one business day.,Phone Case,432.48,Netherlands,open
3443d549-e87b-43ea-ba84-a693b2a50e92,2024-01-31 16:11:55,CUST68887,chat,Same-day delivery was advertised but I'm getting a three-day estimate at checkout. That's misleading.,,Wireless Headphones,98.53,UAE,resolved
7de1d01d-e300-4763-a508-305f3d1f9ef7,2024-01-09 06:29:35,CUST87510,chat,Your courier left a 'missed delivery' note but I was home all day. Now I can't find a redelivery option on their site.,,Sunglasses,27.15,United Kingdom,resolved
d92939e8-a9cf-426c-8086-050900892979,2025-07-18 18:29:08,CUST82603,chat,There's an unexplained $5 fee on my invoice. What is that for?,,Mechanical Keyboard,163.34,Spain,escalated
10cbcb4b-b957-41e8-95d7-87b6e5cb9e3d,2025-06-30 23:52:40,CUST98831,email,I paid for express shipping and it's been a week. That's not express. I want a refund on the shipping charge at minimum.,Thank you for your patience. I've updated your shipping address — the order hasn't left the warehouse yet so the change went through.,Water Bottle,479.14,UAE,resolved
2461ece4-2196-4663-8611-389a1083acc8,2025-07-11 18:55:10,CUST42961,email,I'm getting an error saying my card is declined but my bank says there's no issue on their end.,I've located your missing item — it was shipped separately and should arrive within 2 days.,Yoga Mat,134.55,India,escalated
b0950bd5-5b70-4c6f-8bef-ee1f3975b318,2024-08-10 12:31:17,CUST83143,email,I ordered a gift to arrive before my daughter's birthday. It's three days late. I'm really disappointed.,,Desk Lamp,22.7,UAE,open
6b80735f-18da-4c4f-a9f7-ccf7e7cb96ff,2025-02-23 14:59:55,CUST18186,chat,Your courier left a 'missed delivery' note but I was home all day. Now I can't find a redelivery option on their site.,Thank you for reporting this. I've removed the unrecognised device from your account and sent a security alert to your email.,Air Purifier,120.63,United States,open
03e05153-abd9-4853-a342-1921587155a5,2024-12-11 05:10:11,CUST61128,email,You charged me in USD but I'm in Canada. My bank converted it at a terrible rate. Why wasn't I charged in CAD?,,Phone Case,353.22,Mexico,open
2bc79473-f9a6-407d-a0d9-8f9558f8ed9a,2025-02-25 01:37:27,CUST91025,web,I returned the item but the tracking shows it was delivered to your warehouse six days ago. No refund yet.,I'm sorry the size didn't work out. I've set up an exchange for you — you'll receive a prepaid return label by email.,Desk Lamp,301.36,Mexico,open
4f2cec40-1b7f-4228-afd9-3b42d6ce4769,2024-07-17 04:14:11,CUST40822,chat,The refund you promised two weeks ago still hasn't appeared in my account. When will it post?,"I've forwarded your firmware issue to our engineering team. As an interim step, try rolling back to the previous version using these steps: hold the reset button for 10 seconds while powering on.",Bluetooth Speaker,132.06,UAE,open
9c558016-d21e-4553-993f-334c6878ec1f,2025-12-12 03:31:16,CUST27578,chat,Can you walk me through a factory reset? I've tried the standard steps from the manual and it's not working.,,Electric Toothbrush,159.54,Mexico,open
0121ab73-0c39-403b-beef-04a894bf204b,2025-04-19 19:53:12,CUST65111,email,Can I change my delivery to a parcel locker instead of home delivery?,I'm sorry to hear about this experience. I've initiated a full refund which should appear in 3–5 business days.,Sunglasses,251.5,Mexico,open
5b57003c-c2d5-4803-a3cd-02f5aacb1dfb,2025-10-20 15:15:18,CUST82778,email,It's been 10 days and my package still hasn't arrived. The tracking page just says 'in transit' and hasn't updated in 4 days. What's going on?,,Electric Toothbrush,13.57,India,resolved
7ad112e9-b91b-4c93-bd7e-e027ba956a2c,2025-06-20 00:47:33,CUST38909,email,It's been 10 days and my package still hasn't arrived. The tracking page just says 'in transit' and hasn't updated in 4 days. What's going on?,,Laptop Stand,95.66,France,resolved
e1a7e752-04ee-41bf-b718-98b53333792f,2026-03-08 23:32:44,CUST50676,chat,Is it normal for a domestic shipment to take over two weeks? I'm starting to think it's lost.,Your package was marked delivered in error. I've opened a trace with the carrier — we'll update you within 48 hours.,Laptop Stand,430.33,Germany,open
245ea2ae-341b-408c-830b-623ba37cf823,2025-04-01 00:09:08,CUST43096,chat,You're still charging me after I deleted my account. How is that possible?,,Laptop Stand,27.36,Brazil,escalated
722cf2ba-6a3b-45d5-9f5d-ddae30cea805,2026-01-28 11:53:35,CUST05097,chat,How long does a refund typically take once you receive the item back at the warehouse?,I've resent the password reset link to the email on file. Please check your spam folder if it doesn't arrive within a few minutes.,Air Purifier,14.34,India,open
6b44a679-cf7d-48f6-bb15-a4acdffa3a2e,2024-05-11 15:28:37,CUST88261,web,Same-day delivery was advertised but I'm getting a three-day estimate at checkout. That's misleading.,Your package was marked delivered in error. I've opened a trace with the carrier — we'll update you within 48 hours.,Yoga Mat,156.65,India,escalated
4d6ef085-84ca-401a-8d2a-30a89bbafb2d,2026-04-13 07:27:44,CUST41772,chat,The Bluetooth on this device disconnects constantly. I've tried re-pairing it multiple times.,I've located your missing item — it was shipped separately and should arrive within 2 days.,Smart Watch,149.6,Canada,open
a3429066-ca8c-4e4c-8ed2-81d29d6f76a6,2025-05-29 12:32:04,CUST02374,chat,The product smells strongly of chemicals. Is that normal? It doesn't seem safe.,,Running Shoes,378.03,Singapore,escalated
af118398-db3b-44f0-947c-6464d656a960,2026-02-18 14:38:38,CUST62110,chat,How long does a refund typically take once you receive the item back at the warehouse?,,Smart Watch,,Mexico,open
73c20ce5-0933-44ea-93cc-7c9f18d29ef8,2024-01-13 11:20:19,CUST67447,chat,The app crashes every time I try to open the order history tab. It's been like this for three days.,I apologise for the inconvenience. I've flagged this with our warehouse team and we'll get back to you within one business day.,Air Purifier,385.7,Mexico,open
6c4dc935-138f-4b61-8e3c-69c1f0125c69,2025-01-19 06:02:21,CUST63718,email,My tracking shows the package left the warehouse four days ago but there's been no update since.,,Wireless Headphones,69.03,India,open
12143fc3-864a-4efe-ad25-5b9b65fe0569,2024-10-25 12:53:32,CUST26093,chat,Same-day delivery was advertised but I'm getting a three-day estimate at checkout. That's misleading.,I'm sorry about the delayed shipment. I've submitted a carrier investigation request on your behalf.,Wireless Headphones,118.67,India,open
fca82c38-095f-447b-87e6-ce4df655505b,2026-03-03 01:05:46,CUST60414,chat,The product arrived defective — it stopped working after two days. I need a full refund.,,Electric Toothbrush,,United States,open
fbfd8e6d-7918-4dba-9a1c-67b09fe52533,2025-05-14 15:35:37,CUST34749,chat,The estimated delivery window on my confirmation said 3–5 days. It's been 11 days. Nobody is responding to my emails.,I've looked into the duplicate charge and confirmed the extra amount will be reversed within 3–5 business days.,Sunglasses,337.78,South Africa,resolved
98a13c07-7a59-4317-b933-0790c87ebd50,2024-07-21 10:14:15,CUST55598,email,I was charged for the premium plan but I only signed up for the basic one. Please downgrade and refund the difference.,,Gaming Mouse,62.12,South Africa,resolved
94ab78f1-a427-48bb-80c7-a5f9e67be1d4,2024-07-05 23:08:07,CUST09337,web,"I ordered two items together and they shipped separately. One arrived fine, the other is nowhere to be found.",,Sunglasses,494.93,Australia,resolved
7665e814-8830-4a74-bad0-2ace790d3031,2024-08-26 17:19:14,CUST02368,email,"The product doesn't fit. I'd like to exchange it for a different size, not a refund.",,Running Shoes,223.7,Brazil,open
07e0ca08-c5bd-42a0-8991-3943360c8e38,2026-02-21 17:36:49,CUST02942,chat,I moved recently and I think I gave the wrong address. Can you update the shipping address before it goes out?,,Running Shoes,252.56,Netherlands,resolved
1d326817-9020-4b38-8cc6-904d70e6059f,2024-04-26 11:39:47,CUST27868,web,My account shows I'm logged in on a device I don't recognize. How do I remove it?,,Coffee Maker,116.73,Japan,open
20b6a74f-77b7-4f80-b747-0701aab21116,2026-03-07 14:24:30,CUST78844,web,I cancelled my subscription three weeks ago and I've just been charged again this month. Please reverse it.,,Air Purifier,271.45,Germany,open
7b1faca0-5352-47d4-8115-90f80e41c4fa,2024-08-18 03:02:23,CUST42403,web,Two of the three items in my order arrived but one is missing. The packing slip shows all three.,,,306.53,France,open
496d8924-7b20-4c2a-9aed-e42cf02a43c7,2025-02-14 04:03:24,CUST26945,web,Tracking says my item is stuck in a customs facility. What documents do I need to provide?,,Sunglasses,486.09,Netherlands,resolved
0298b4b4-f04c-468e-b8c0-bd1973f7d58a,2024-06-14 08:28:21,CUST64983,web,You charged me in USD but I'm in Canada. My bank converted it at a terrible rate. Why wasn't I charged in CAD?,Thank you for your patience. I've updated your shipping address — the order hasn't left the warehouse yet so the change went through.,Desk Lamp,203.78,Brazil,open
c15d699f-f609-4b50-a5c8-395a5ba1f7c2,2025-11-05 01:05:50,CUST52717,chat,The estimated delivery window on my confirmation said 3–5 days. It's been 11 days. Nobody is responding to my emails.,,Mechanical Keyboard,367.45,South Africa,open
940fbddc-3fe0-4840-a268-04428af3e4d8,2025-04-26 19:36:40,CUST22693,chat,I need this order to arrive before I leave for a trip on Friday. Is that possible?,,Wireless Headphones,59.11,Netherlands,open
abb17d3d-b3f2-4557-98b7-b5355e86c980,2024-01-19 07:30:29,CUST91660,chat,I need this order to arrive before I leave for a trip on Friday. Is that possible?,,Coffee Maker,387.36,Germany,open
365239f4-27c0-4aae-b216-eced2a2ee9dd,2024-01-21 23:12:03,CUST01851,chat,This feels very cheap and plasticky. The product description said it was aluminium.,,Water Bottle,172.56,Canada,open
73b4846b-805a-48e5-a251-681d9e29521a,2026-04-24 08:08:03,CUST48100,chat,I applied a store credit but the full amount was still charged to my card. The credit seems to have disappeared.,I've located your missing item — it was shipped separately and should arrive within 2 days.,Air Purifier,,Australia,open
d12478d9-3a38-4bcc-ae64-bd786cb0ee57,2025-10-25 12:45:47,CUST62543,web,I returned the item but the tracking shows it was delivered to your warehouse six days ago. No refund yet.,,Electric Toothbrush,93.08,United Kingdom,open
7cc058a4-4ab2-463f-ace1-8e7364d9a92d,2025-03-13 18:47:51,CUST51951,chat,I live in an apartment and couriers keep returning parcels because they can't access the building. Can I arrange pickup?,,Air Purifier,174.07,Canada,resolved
693ceafb-16c8-46ad-99a5-51b9be8417fa,2024-08-21 08:36:31,CUST49451,chat,I created two accounts by accident. Can you merge them or delete the duplicate?,,Desk Lamp,401.35,Singapore,open
c7936bad-51ee-42af-8f63-2d64fd00d78b,2024-08-18 21:48:38,CUST25267,email,The product smells strongly of chemicals. Is that normal? It doesn't seem safe.,,Gaming Mouse,146.45,United Kingdom,open
5fd2a418-39f8-4597-b399-c6d98a1d459c,2024-07-17 02:52:38,CUST26557,email,The product stopped turning on after the last firmware update. Now it's just a brick.,,Air Purifier,330.44,Australia,open
b20489c4-1ccb-4f9b-bb12-c7b64c2d1cd1,2026-02-11 05:19:00,CUST88788,web,I returned the item but the tracking shows it was delivered to your warehouse six days ago. No refund yet.,I've processed a full refund including return shipping costs. The amount will post in 3–5 business days.,Mechanical Keyboard,407.53,Australia,resolved
8ecfbfc5-86bf-4cde-a3af-574650ec0f96,2024-12-31 08:37:59,CUST50305,email,The estimated delivery window on my confirmation said 3–5 days. It's been 11 days. Nobody is responding to my emails.,,Bluetooth Speaker,426.17,Singapore,resolved
f54ff428-93bc-4349-8405-8430161f7ead,2025-04-02 19:06:40,CUST72863,chat,The refund you promised two weeks ago still hasn't appeared in my account. When will it post?,I apologise for the inconvenience. I've flagged this with our warehouse team and we'll get back to you within one business day.,Running Shoes,194.96,United States,resolved
9d0ca14d-524a-43d3-bbf9-e3c1ca3ced1e,2025-10-21 18:17:22,CUST50191,email,I live in an apartment and couriers keep returning parcels because they can't access the building. Can I arrange pickup?,I've resent the password reset link to the email on file. Please check your spam folder if it doesn't arrive within a few minutes.,Smart Watch,,UAE,resolved
37e155bb-ad2e-40e4-83cf-98a52e815471,2025-10-09 00:03:15,CUST22728,email,You're still charging me after I deleted my account. How is that possible?,,Yoga Mat,350.67,Germany,open
81a14e2e-2805-41e7-bb36-d2cbed85afba,2024-04-03 04:59:30,CUST09282,chat,Sound is only coming from one side. I've tested this with three different cables so it's not the cable.,,Laptop Stand,136.45,UAE,resolved
91863619-9cf6-46ae-941a-60f8a352c4de,2024-12-19 02:54:43,CUST62418,chat,The tracking number you sent me doesn't work on the carrier's website. Can you tell me where my package actually is?,,Coffee Maker,100.01,Japan,escalated
1822eefc-0b50-41ad-92b9-ffc349550d3a,2024-04-29 22:34:08,CUST77566,chat,I dropped the item off at the carrier three weeks ago and my refund still hasn't processed.,,Phone Case,187.72,Singapore,resolved
c0328771-47e3-495c-8c36-7795ab167cae,2024-02-13 13:44:14,CUST34281,chat,The delivery driver left my package in the rain and everything inside is damaged. I have photos.,,Laptop Stand,465.31,Australia,open
a475b102-e6be-4eb2-a202-0583055fad03,2024-03-10 17:02:38,CUST97005,chat,Can you send a proper receipt to my email? The one I got doesn't show the item breakdown.,I've resent the password reset link to the email on file. Please check your spam folder if it doesn't arrive within a few minutes.,Gaming Mouse,164.09,India,resolved
7853bc7b-efbe-45d5-8be2-927cb6c0a6d9,2024-07-20 04:44:22,CUST15681,email,I got a shipment notification for an order I never placed. Did someone use my account?,I'm sorry the size didn't work out. I've set up an exchange for you — you'll receive a prepaid return label by email.,Mechanical Keyboard,28.33,Canada,open
0559bd82-cab4-4d40-a6d3-8b5cb468ef3d,2025-12-20 09:51:05,CUST11332,email,Your warehouse is in my city. Why does shipping take five days?,,Running Shoes,266.41,Singapore,open
3bfbf336-4ec7-47bf-bbd1-a20520b5af21,2024-07-22 19:24:00,CUST54596,chat,I opened the packaging but the item is completely unused. Will you still accept the return?,I've updated your subscription to the correct plan and issued a pro-rated refund for the difference.,Air Purifier,497.26,United Kingdom,resolved
46a9af14-ad1d-47fa-a04e-d975eb70417e,2024-08-09 13:21:10,CUST48171,email,"My parcel shows 'delivered' but there's nothing at my door, my mailbox, or with my neighbors. Where is it?",,Sunglasses,183.15,United Kingdom,open
a1d396c1-5024-44a1-a377-acdeadbcc1fa,2025-12-16 17:40:30,CUST47472,web,The product looks nothing like the photos on the website. The colour is completely different.,Thanks for flagging this. I've suspended any further charges while we investigate the billing error.,Gaming Mouse,459.4,Canada,open
b1dd174c-4b3b-4782-8b71-05dae13a6cba,2026-03-07 02:36:40,CUST95516,email,I was charged twice for the same order. Both transactions show on my bank statement. Please refund one.,,Coffee Maker,325.49,Japan,resolved
9f78f64b-e837-4d8b-8bd3-1b8f2be9daf2,2024-01-13 08:08:04,CUST21462,email,Same-day delivery was advertised but I'm getting a three-day estimate at checkout. That's misleading.,Thanks for flagging this. I've suspended any further charges while we investigate the billing error.,Phone Case,239.56,Netherlands,escalated
9fd4e725-216d-41af-b936-c564397a5f6b,2025-12-23 02:58:33,CUST11216,email,The estimated delivery window on my confirmation said 3–5 days. It's been 11 days. Nobody is responding to my emails.,,Bluetooth Speaker,248.28,Japan,resolved
91dda0f3-13f2-45a6-bba3-235c4688668d,2024-06-26 14:23:54,CUST47082,web,The box arrived completely crushed. The item inside might be okay but I'm worried.,,Coffee Maker,389.36,United States,escalated
52d21c2c-eeb9-47e0-abcb-797e450cdaa6,2025-07-15 13:25:36,CUST67303,web,The button on the side stopped responding. Everything else works fine but that one button is dead.,I've merged both accounts and transferred all order history and loyalty points to your primary account.,Air Purifier,,India,open
1353b44b-2768-490c-ad58-7fba8f8635d2,2025-12-02 06:11:31,CUST68342,web,The order confirmation shows the wrong city in the shipping address. Please fix it urgently.,,Desk Lamp,107.32,India,open
2f28f846-c254-42b3-879a-b5cd1fc3537c,2026-04-11 21:07:17,CUST26596,web,I paid for express shipping and it's been a week. That's not express. I want a refund on the shipping charge at minimum.,Your package was marked delivered in error. I've opened a trace with the carrier — we'll update you within 48 hours.,Air Purifier,493.32,Japan,resolved
891b491d-4ae5-47b7-8bda-456a5b1fd06e,2025-05-06 16:32:43,CUST02727,web,I got a shipment notification for an order I never placed. Did someone use my account?,,Sunglasses,11.8,Brazil,escalated
7a8b9b0d-8c4a-4a08-85bb-85e47455b245,2024-07-14 07:04:37,CUST79103,email,The order confirmation shows the wrong city in the shipping address. Please fix it urgently.,,Air Purifier,115.91,Australia,escalated
c530a185-f7fa-4450-8d8a-a4fa15a8f074,2024-01-23 07:47:25,CUST55044,email,It's been 10 days and my package still hasn't arrived. The tracking page just says 'in transit' and hasn't updated in 4 days. What's going on?,,Yoga Mat,182.35,Mexico,resolved
9e690a56-5e3e-4f32-93b1-06f3d763b21c,2026-03-23 17:11:04,CUST51276,chat,"I ordered two items together and they shipped separately. One arrived fine, the other is nowhere to be found.",,Water Bottle,343.34,South Africa,open
fac6ca1e-c34c-47d3-ac69-8cd41d6a7701,2024-06-03 03:22:42,CUST11109,web,Your courier left a 'missed delivery' note but I was home all day. Now I can't find a redelivery option on their site.,,Electric Toothbrush,320.43,Netherlands,resolved
c4557274-341a-4891-8b49-a172c7db0e21,2024-02-20 16:44:27,CUST46337,email,The order confirmation shows the wrong city in the shipping address. Please fix it urgently.,I've looked into the duplicate charge and confirmed the extra amount will be reversed within 3–5 business days.,Bluetooth Speaker,457.87,India,escalated
79caca6f-8e32-4cd8-9445-0394b3e87c9e,2025-09-06 20:48:45,CUST05384,chat,I applied a store credit but the full amount was still charged to my card. The credit seems to have disappeared.,I've located your missing item — it was shipped separately and should arrive within 2 days.,Gaming Mouse,12.04,Spain,open
cd81af54-854b-4153-bc92-92a05d778efe,2024-01-25 03:00:10,CUST02589,chat,Can you give me an updated delivery estimate? The app says 'pending' but the order was placed two weeks ago.,,Smart Watch,201.77,UAE,resolved
bb450d0c-64c7-4ba9-9682-3f72040af681,2024-03-21 03:04:43,CUST96262,email,I was told returns are free but the portal is asking me to pay $12 for return shipping. That's not right.,,Phone Case,71.9,United Kingdom,resolved
3ef45d60-dffb-418e-9397-2fda8cc1421b,2025-08-31 23:16:23,CUST48253,chat,I got a shipment notification for an order I never placed. Did someone use my account?,,Mechanical Keyboard,312.87,Netherlands,escalated
894b9c45-6a09-4e1a-a0e6-f2d2d0419249,2024-05-02 08:51:06,CUST96027,email,The item broke within the warranty period. Do I return it or is there a repair service?,I've merged both accounts and transferred all order history and loyalty points to your primary account.,Sunglasses,421.82,Japan,resolved
fad7e053-862d-414e-a682-b5c98efd4e6b,2025-08-10 08:50:56,CUST40412,email,I paid for express shipping and it's been a week. That's not express. I want a refund on the shipping charge at minimum.,"I've confirmed your cancellation. If the package ships before the cancellation processes, you can refuse delivery for a full refund.",Phone Case,138.38,Canada,open
5550515f-8f95-4c64-8098-d8075e89484f,2026-02-06 18:47:27,CUST53617,web,Your website is extremely slow on mobile. Pages take 15+ seconds to load and sometimes just white-screen.,I've merged both accounts and transferred all order history and loyalty points to your primary account.,Wireless Headphones,445.96,South Africa,escalated
88759ac2-b8e8-4aa5-826b-2d725b752d3d,2024-09-07 06:22:45,CUST24029,email,Can you give me an updated delivery estimate? The app says 'pending' but the order was placed two weeks ago.,Thank you for reporting this. I've removed the unrecognised device from your account and sent a security alert to your email.,Yoga Mat,304.0,United States,open
620d4055-61cf-483c-813a-ef70be519bb9,2025-01-30 08:29:08,CUST13908,chat,The carrier says 'address not found' but I've received packages here before. This makes no sense.,I've resent the password reset link to the email on file. Please check your spam folder if it doesn't arrive within a few minutes.,Smart Watch,,Canada,open
f22ab883-8625-4319-8948-ac8997bb3226,2024-07-15 15:15:13,CUST44731,chat,The refund you promised two weeks ago still hasn't appeared in my account. When will it post?,,Gaming Mouse,205.97,Australia,open
06c38df2-705b-43ec-ba3b-6ae4d7d61a5a,2024-11-03 09:22:06,CUST46199,chat,I paid for express shipping and it's been a week. That's not express. I want a refund on the shipping charge at minimum.,,Electric Toothbrush,302.2,Germany,resolved
f6d35ad0-39f6-46c6-aed1-b0a9c2c00679,2024-06-16 02:05:39,CUST96639,chat,Can I change my delivery to a parcel locker instead of home delivery?,,Laptop Stand,210.81,UAE,resolved
be5ff3f9-82d8-47cf-900c-0b94aedee0a9,2026-04-04 02:24:21,CUST56012,web,Your website is extremely slow on mobile. Pages take 15+ seconds to load and sometimes just white-screen.,,Phone Case,192.11,Canada,resolved
b5df5f5b-b4f0-4ce3-bb8a-b58f59114c38,2024-07-08 23:48:32,CUST05053,email,The product arrived defective — it stopped working after two days. I need a full refund.,,Gaming Mouse,113.97,Australia,open
09ed7174-7564-40a1-bf51-0e6f14f91d1a,2025-03-07 22:23:53,CUST91966,chat,"I was given a store credit instead of a cash refund, but I specifically asked for cash back to my card.",I'm sorry to hear about this experience. I've initiated a full refund which should appear in 3–5 business days.,Yoga Mat,,Germany,open
a7c16cbd-cc06-4cdd-8c65-397d7a805924,2024-07-11 18:30:37,CUST72959,chat,I never received a shipping confirmation email. My order status just says 'confirmed'.,I've merged both accounts and transferred all order history and loyalty points to your primary account.,Mechanical Keyboard,456.71,Germany,open
1590a048-7b3e-415f-bb90-d5ce5efb4984,2025-09-17 17:52:29,CUST08805,email,The delivery driver left my package in the rain and everything inside is damaged. I have photos.,,Gaming Mouse,144.59,Singapore,open
53065f60-e89a-4efb-a9c8-0e1f806d7786,2024-05-03 21:56:13,CUST85790,chat,I was given a different order number in two emails about the same purchase. Which one is correct?,,Electric Toothbrush,193.21,UAE,open
fa23ee43-57a2-4b41-8a84-b45d00c79e5e,2024-12-13 23:51:38,CUST00215,web,Can you walk me through a factory reset? I've tried the standard steps from the manual and it's not working.,I've confirmed your order details and can see the issue. A replacement has been dispatched — you'll receive tracking info shortly.,Electric Toothbrush,409.91,Netherlands,escalated
ce39e6a8-1816-44bf-b218-87fc6ada405f,2024-03-22 13:00:20,CUST40104,chat,"My refund was only partial. The full amount should have been returned, not just part of it.",,Gaming Mouse,93.47,Canada,resolved
e4e1cc8b-11b6-42b2-9151-1965df304715,2024-07-05 06:14:56,CUST25296,email,I was charged for shipping but your website said free shipping on orders over $50. Mine was $74.,,Yoga Mat,488.41,France,resolved
44379f80-7e96-4bb8-a790-25a1e16741a6,2026-01-19 20:35:44,CUST31441,chat,The invoice I received has the wrong VAT number on it. I need a corrected invoice for my accounting.,,Smart Watch,46.82,Brazil,open
00768d96-8e06-40ee-81ba-b077d0719b5c,2024-01-21 09:27:04,CUST37637,chat,The delivery driver left my package in the rain and everything inside is damaged. I have photos.,,Laptop Stand,382.64,Germany,resolved
30d90bff-d280-4ee1-afe1-7458ec23c87e,2024-08-27 05:29:45,CUST81235,chat,I placed an order 20 minutes ago with the wrong delivery address. Can you change it before it ships?,,Desk Lamp,43.63,India,open
1352747e-fc21-4178-b72f-402a7b205b71,2025-04-22 03:15:42,CUST91271,email,The refund you promised two weeks ago still hasn't appeared in my account. When will it post?,I've processed a store credit for the full amount. It's now available in your account balance.,Coffee Maker,270.13,France,open
77536700-b81a-4a14-bc2f-abda09b2f6ca,2024-05-10 14:14:10,CUST56326,email,I set up two-factor authentication but I've lost the authenticator app. How do I recover access?,I've processed a store credit for the full amount. It's now available in your account balance.,Phone Case,,India,resolved
ef312708-0bec-4dfa-8817-11a4dd661ffc,2025-10-18 11:14:11,CUST34362,email,The product looks nothing like the photos on the website. The colour is completely different.,,Coffee Maker,479.9,Australia,open
00372dc6-dddf-4f02-b87f-3d3ab4419f28,2024-02-25 10:32:36,CUST94318,chat,I cancelled my subscription three weeks ago and I've just been charged again this month. Please reverse it.,,Gaming Mouse,59.64,Japan,resolved
35e3323e-4fa7-406a-afb6-4c0d2f6fded3,2025-02-20 17:43:00,CUST73235,email,There's an unexplained $5 fee on my invoice. What is that for?,,Laptop Stand,314.84,Japan,open
ff9ba5dc-ac98-490b-b016-f0b87b8a41c4,2025-01-05 16:22:45,CUST25122,chat,I received an order confirmation but my payment hasn't been debited. Is the order actually placed?,Thank you for reaching out. I've looked into this and I'm escalating it to our logistics team right away. You'll hear back within 24 hours.,Gaming Mouse,96.98,Germany,escalated
83f76228-c90f-4933-9199-4bc3ed6d1d8e,2024-09-22 05:05:36,CUST09579,chat,You charged me in USD but I'm in Canada. My bank converted it at a terrible rate. Why wasn't I charged in CAD?,,,,South Africa,escalated
a45c1b05-fd96-4ac0-b498-333297881723,2024-12-20 15:10:52,CUST88221,chat,It's been 30 days and one day. Will you make an exception given that the item arrived late?,,Laptop Stand,248.38,France,open
f762989a-a012-4fa5-a493-966adb8d6dcf,2025-07-01 18:51:51,CUST45897,chat,The carrier says 'address not found' but I've received packages here before. This makes no sense.,Your case has been escalated to our technical team. They'll reach out within 48 hours with a solution.,Wireless Headphones,185.03,United States,open
2cab1ef3-7488-4dbb-b19a-960755a5ea84,2025-10-31 02:25:28,CUST53136,email,My discount code didn't apply at checkout but I was still charged full price. Can you adjust the total?,,Electric Toothbrush,493.79,Spain,resolved
c1925518-958f-4812-abbf-1b076d4dec95,2025-02-16 03:26:55,CUST55696,web,A charge appeared from a month I didn't use the service at all. I need an explanation.,I'm sorry to hear about this experience. I've initiated a full refund which should appear in 3–5 business days.,Running Shoes,310.06,India,resolved
d350bef9-a2ed-4741-881c-b167def78f9c,2025-06-23 01:00:58,CUST41072,email,I got a shipment notification for an order I never placed. Did someone use my account?,,Laptop Stand,158.79,Germany,open
63521915-3dda-4271-974a-6d48c9acd5ff,2025-04-02 20:12:32,CUST07034,web,I need this order to arrive before I leave for a trip on Friday. Is that possible?,I've located your parcel — it appears there was a carrier delay. The updated delivery estimate is within the next 2 business days.,,418.71,United States,open
2ecf4030-c455-4b12-b39d-170f7b296108,2025-06-28 01:04:55,CUST48821,email,The delivery driver left my package in the rain and everything inside is damaged. I have photos.,,Mechanical Keyboard,152.49,United States,open
659317f6-5906-4784-8e8a-23422988e42f,2025-07-04 21:38:53,CUST36661,web,I applied a store credit but the full amount was still charged to my card. The credit seems to have disappeared.,,Gaming Mouse,168.02,UAE,open
3dc60cdc-fafd-4416-9525-f8f33dc0d792,2024-11-05 22:08:51,CUST42683,chat,Two of the three items in my order arrived but one is missing. The packing slip shows all three.,"I've confirmed your cancellation. If the package ships before the cancellation processes, you can refuse delivery for a full refund.",Laptop Stand,393.38,Mexico,open
b7aac825-92e0-4779-907d-aac6c1e3427d,2024-08-03 07:45:02,CUST87585,email,Sound is only coming from one side. I've tested this with three different cables so it's not the cable.,,Yoga Mat,,Netherlands,open
ef033fbb-ce7e-4a1b-8925-1c7f209ba145,2025-10-15 20:59:01,CUST12943,email,"My refund was only partial. The full amount should have been returned, not just part of it.",I've confirmed your return label has been regenerated and sent to your email. It's valid for 14 days.,Electric Toothbrush,380.11,India,open
2abaf476-d9f9-405e-a0f2-e3c89b07af3b,2024-01-10 05:56:17,CUST78701,chat,The order confirmation shows the wrong city in the shipping address. Please fix it urgently.,Thanks for contacting us. I've applied the correct discount to your account and a revised invoice is on its way.,Mechanical Keyboard,172.34,United States,open
2dcff6f4-dff7-4815-bf55-2c6445253ddf,2026-03-04 12:46:56,CUST03828,email,The product stopped working after a week of normal use. That's not acceptable for the price I paid.,I've located your missing item — it was shipped separately and should arrive within 2 days.,Water Bottle,317.84,Japan,escalated
e5fa7307-f85f-4b7d-80ec-db002adaf64a,2024-01-11 00:30:11,CUST79311,chat,I got a shipment notification for an order I never placed. Did someone use my account?,,Phone Case,418.04,Brazil,open
746fa56d-6107-4940-9286-c28bb1274ed4,2024-07-08 05:27:31,CUST46723,web,Can you send a proper receipt to my email? The one I got doesn't show the item breakdown.,,Water Bottle,70.37,Canada,resolved
660edb22-ebd6-44f9-a84d-af7032a3bde6,2024-10-14 02:08:10,CUST23288,chat,This feels very cheap and plasticky. The product description said it was aluminium.,Your package was marked delivered in error. I've opened a trace with the carrier — we'll update you within 48 hours.,Mechanical Keyboard,337.17,India,open
28b4a917-4bcc-4ea7-9d3c-c4ece1915754,2024-06-15 17:46:12,CUST76620,chat,Tracking says my item is stuck in a customs facility. What documents do I need to provide?,,,326.1,Spain,resolved
d04d414a-a7cb-4459-a057-e3c9c6111364,2025-11-21 11:23:33,CUST05277,chat,The order confirmation shows the wrong city in the shipping address. Please fix it urgently.,Thanks for flagging this. I've suspended any further charges while we investigate the billing error.,Smart Watch,356.05,India,resolved
6b03b1ec-c6a1-4f09-93e4-6ecf9ab94e3b,2024-09-28 01:42:54,CUST25957,email,I paid for express shipping and it's been a week. That's not express. I want a refund on the shipping charge at minimum.,I can see the payment did go through — the pending status is a display lag. Your order is confirmed.,Electric Toothbrush,458.92,South Africa,open
4466fc27-6e3e-4719-aaf4-fad50be61f5b,2026-01-02 20:12:03,CUST92988,chat,I opened the packaging but the item is completely unused. Will you still accept the return?,,Mechanical Keyboard,207.85,United States,open
1cdc9f87-5894-4fbb-b654-815ea8c404fa,2024-09-04 06:38:54,CUST31177,chat,The invoice I received has the wrong VAT number on it. I need a corrected invoice for my accounting.,,Running Shoes,61.66,Spain,open
04f2a08d-8834-4980-adf3-c4b42ddde3a8,2025-08-19 15:40:09,CUST61094,chat,Same-day delivery was advertised but I'm getting a three-day estimate at checkout. That's misleading.,,Wireless Headphones,462.54,France,open
f4668ea0-ec36-46b3-b3ae-e1eda8e6cda2,2025-11-29 06:56:01,CUST62983,chat,This feels very cheap and plasticky. The product description said it was aluminium.,,Smart Watch,222.69,Netherlands,resolved
91577e23-4078-494b-9e4b-f27335324340,2024-10-25 17:18:27,CUST19013,chat,"My parcel shows 'delivered' but there's nothing at my door, my mailbox, or with my neighbors. Where is it?",,Gaming Mouse,433.6,France,open
e27ede8d-96ca-4a8f-bb70-22e5d7d593df,2026-03-31 11:01:37,CUST73397,email,The return shipping label you sent me is expired. Can you generate a new one?,,Air Purifier,225.05,South Africa,open
ea048087-0e4d-44b2-b2af-a33d2f2d9df2,2024-04-20 02:08:10,CUST91284,chat,I forgot my password and the reset email never arrived. I've checked spam and it's not there.,I've updated your subscription to the correct plan and issued a pro-rated refund for the difference.,Coffee Maker,470.9,Spain,resolved
ef2851a1-a01a-462e-811e-efffd4d2cb46,2025-08-29 12:09:05,CUST51241,email,I was charged twice for the same order. Both transactions show on my bank statement. Please refund one.,,Laptop Stand,313.14,Netherlands,resolved
a7791c10-52c5-4968-8043-ebbadef6ba91,2024-06-21 05:41:59,CUST97400,chat,"I ordered during your sale and was quoted one price, but my card was charged the regular price.",I've located your missing item — it was shipped separately and should arrive within 2 days.,Air Purifier,410.21,France,escalated
eacade36-f1b4-4ea1-89f9-ae7fab5e6e83,2024-04-06 19:46:30,CUST37199,email,The carrier says 'address not found' but I've received packages here before. This makes no sense.,I've confirmed your order details and can see the issue. A replacement has been dispatched — you'll receive tracking info shortly.,Mechanical Keyboard,465.39,Spain,resolved
24fd92e3-e570-4cb9-9d86-b63dce6b2949,2024-07-20 02:47:21,CUST40107,email,It's been 30 days and one day. Will you make an exception given that the item arrived late?,,Water Bottle,121.6,Spain,open
42a9b884-26e9-4fc6-99e9-b9ca6a7fcb14,2024-10-31 17:54:26,CUST89608,email,I received the wrong item entirely. I ordered a blue one and got a green one. How do I return it and get the right one?,,Gaming Mouse,279.28,United Kingdom,open
8c778651-de2f-4a85-9e68-ed829d8ca31f,2025-07-25 05:10:22,CUST53560,chat,My package has been bouncing between two distribution centres for five days. Is this normal?,,Running Shoes,405.79,Netherlands,resolved
f9a0e596-f464-4e59-8c1a-4af408baa845,2024-01-24 03:27:30,CUST30102,email,There's an unexplained $5 fee on my invoice. What is that for?,I've resent the password reset link to the email on file. Please check your spam folder if it doesn't arrive within a few minutes.,Electric Toothbrush,153.28,UAE,open
8f18b902-cfba-43ca-a83e-df2104675d28,2024-07-09 02:31:16,CUST11483,email,"The product doesn't fit. I'd like to exchange it for a different size, not a refund.",,Yoga Mat,471.3,Singapore,resolved
d3efcaee-b8d5-4d73-8f92-600308411f80,2025-01-14 08:39:06,CUST84588,chat,I accidentally ordered two of the same item and I want to return one unopened one.,,Mechanical Keyboard,48.44,Spain,open
6f1c313b-9f99-4e47-84b0-abe2f8c01443,2026-03-20 08:05:58,CUST34831,chat,I ordered a gift to arrive before my daughter's birthday. It's three days late. I'm really disappointed.,I've cancelled your order as requested. You won't be charged and any pending holds will clear within 2–3 business days.,Wireless Headphones,476.99,United States,open
e0078e30-ec68-4269-83a3-2d8476c60c0f,2024-02-22 10:31:18,CUST44964,web,My package has been bouncing between two distribution centres for five days. Is this normal?,Thanks for flagging this. I've suspended any further charges while we investigate the billing error.,Yoga Mat,,India,open
a93906d1-dc97-4f16-a819-98b227d08105,2024-03-09 23:55:54,CUST33626,email,The refund you promised two weeks ago still hasn't appeared in my account. When will it post?,I can see the payment did go through — the pending status is a display lag. Your order is confirmed.,Coffee Maker,379.69,France,escalated
b11e5640-80ab-421f-8031-96ac4c5bb4b8,2025-02-11 19:55:47,CUST93059,email,Sound is only coming from one side. I've tested this with three different cables so it's not the cable.,,Desk Lamp,,United Kingdom,resolved
10c80a90-2476-42c1-8520-82a4a96f96ff,2025-03-22 11:44:14,CUST87699,email,A charge appeared from a month I didn't use the service at all. I need an explanation.,I've applied a $10 goodwill credit to your account for the inconvenience. It'll appear automatically at your next checkout.,Electric Toothbrush,454.78,Germany,resolved
c6c69b2d-ccfb-4d49-bd70-50bb99bb70fb,2025-03-02 06:06:21,CUST13845,email,Can you give me an updated delivery estimate? The app says 'pending' but the order was placed two weeks ago.,,Wireless Headphones,329.99,Singapore,resolved
de5b51ab-6e0a-4ad3-8eb0-93f03706c354,2024-07-12 02:28:44,CUST49542,email,My package was apparently delivered to the wrong address according to the carrier. What do I do now?,,Bluetooth Speaker,423.72,Australia,open
9d064ea5-940a-46d0-a684-3610fd58e319,2024-05-03 13:43:23,CUST49851,email,I see a charge from your company on my card that I don't recognize. I didn't place any order recently.,,Water Bottle,121.44,Canada,open
4216cb1a-003e-4906-8c22-ea10e89ad983,2024-03-18 00:27:51,CUST31028,web,I accidentally ordered two of the same item and I want to return one unopened one.,I've processed a full refund including return shipping costs. The amount will post in 3–5 business days.,Running Shoes,487.89,United States,resolved
43e4b867-2b59-422e-bad7-3dbc58ab6da8,2025-07-02 21:17:06,CUST80935,chat,I changed my email address but the verification email went to the old address I no longer have access to.,,Smart Watch,289.48,Mexico,resolved
7790f824-277b-4ab0-8468-08b25fe45cc7,2025-10-08 04:28:24,CUST16420,chat,I returned the item but the tracking shows it was delivered to your warehouse six days ago. No refund yet.,Your case has been escalated to our technical team. They'll reach out within 48 hours with a solution.,Bluetooth Speaker,487.02,UAE,open
605a003a-5523-4176-bbb8-9cd3f62e37ab,2025-07-26 03:17:26,CUST04290,chat,The box arrived completely crushed. The item inside might be okay but I'm worried.,,Desk Lamp,393.9,Japan,open
b623e202-cdf0-4327-8dd7-8848dad6d87b,2024-11-29 18:53:11,CUST69026,email,I was charged for shipping but your website said free shipping on orders over $50. Mine was $74.,,Smart Watch,498.93,South Africa,resolved
c5784f4d-a78d-4238-9677-7664c0d9b33f,2025-10-11 11:09:23,CUST81809,email,The order was marked as delivered but I never received anything. This is the second time this has happened.,Thank you for your patience. I've updated your shipping address — the order hasn't left the warehouse yet so the change went through.,Sunglasses,171.06,Singapore,resolved
1e4c6afd-5ca0-48ff-b0a9-5f642252753e,2025-07-16 07:01:54,CUST37513,email,The product stopped turning on after the last firmware update. Now it's just a brick.,I've resent the password reset link to the email on file. Please check your spam folder if it doesn't arrive within a few minutes.,Phone Case,330.13,UAE,open
06ced316-188a-436c-8522-b24efd69a4f9,2025-10-12 15:52:06,CUST39283,web,I installed the companion app but it doesn't detect the device even though it's right next to my phone.,,Mechanical Keyboard,150.57,France,open
e991f257-10a9-4644-b440-ae7c6fa7914f,2025-09-26 14:05:16,CUST68297,email,My order was supposed to arrive by Thursday but it's now Sunday and nothing. I needed this for an event that already happened.,,Coffee Maker,215.13,Singapore,resolved
f14c3931-d5dc-457f-a13e-38660eb51643,2025-12-30 21:39:37,CUST12060,email,Your warehouse is in my city. Why does shipping take five days?,Thanks for flagging this. I've suspended any further charges while we investigate the billing error.,Gaming Mouse,183.64,India,resolved
f00c86d0-2045-447e-9676-4d4f0d9ccf6e,2025-01-10 01:20:44,CUST41559,email,I was charged for shipping but your website said free shipping on orders over $50. Mine was $74.,,,183.93,Brazil,escalated
e73a163b-a33a-4974-b2d3-bf62747fb152,2025-11-29 16:02:01,CUST64722,email,Is it normal for a domestic shipment to take over two weeks? I'm starting to think it's lost.,Thank you for reaching out. I've looked into this and I'm escalating it to our logistics team right away. You'll hear back within 24 hours.,Bluetooth Speaker,232.23,France,open
0501858a-9770-4490-a305-36a40bdd522f,2026-03-01 04:29:14,CUST94134,email,I live in an apartment and couriers keep returning parcels because they can't access the building. Can I arrange pickup?,,Mechanical Keyboard,464.74,Germany,open
8e430a44-1465-4b18-bd6a-86cd08580e28,2025-05-09 21:27:35,CUST22036,email,I'm getting an error saying my card is declined but my bank says there's no issue on their end.,I've located your parcel — it appears there was a carrier delay. The updated delivery estimate is within the next 2 business days.,Sunglasses,225.07,Spain,open
62041bd3-6bec-4b86-9fd5-b48e26f6c5f1,2025-02-07 00:12:52,CUST91342,chat,My order was supposed to arrive by Thursday but it's now Sunday and nothing. I needed this for an event that already happened.,I've located your missing item — it was shipped separately and should arrive within 2 days.,,273.58,Australia,open
0741952b-4a07-463d-ab4b-0a42110926b6,2024-02-10 01:02:51,CUST53496,email,"I ordered two items together and they shipped separately. One arrived fine, the other is nowhere to be found.",,Phone Case,460.4,United Kingdom,open
ee8feb9e-b1fc-451b-bc27-6e9d3a7f4f07,2025-11-02 12:02:33,CUST74124,email,I never received a shipping confirmation email. My order status just says 'confirmed'.,,Running Shoes,366.41,France,open
e1fb17c8-3b69-44eb-8f05-1356c5d8cb86,2025-06-04 22:16:32,CUST47815,web,The estimated delivery window on my confirmation said 3–5 days. It's been 11 days. Nobody is responding to my emails.,,Desk Lamp,103.3,Netherlands,resolved
aac5f5db-45de-422f-9d9a-2afd3ca548d4,2024-02-25 08:36:47,CUST03296,web,My discount code didn't apply at checkout but I was still charged full price. Can you adjust the total?,,Air Purifier,101.68,Brazil,open
92c72550-b609-4773-8b85-667e25b3b72b,2024-11-04 11:20:12,CUST18306,chat,The delivery driver left my package in the rain and everything inside is damaged. I have photos.,,,310.56,South Africa,resolved
271c0e83-caf1-4e43-a2b6-dd2e7f83f552,2025-06-25 16:37:08,CUST78243,web,This is the second unit I've received with the same defect. Is there a batch quality issue?,,Mechanical Keyboard,245.67,United Kingdom,open
27ea556e-2639-4b79-8656-f5b9f661d83a,2025-03-22 06:15:08,CUST67536,chat,I received an order confirmation but my payment hasn't been debited. Is the order actually placed?,,Bluetooth Speaker,355.36,Singapore,escalated
614533c6-5624-4882-9115-f0dc0907b9bf,2026-01-29 21:44:33,CUST96304,chat,I ordered a gift to arrive before my daughter's birthday. It's three days late. I'm really disappointed.,,Coffee Maker,168.36,South Africa,open
3fd990fb-34af-4808-976e-299d0dae0e3f,2025-08-30 23:38:38,CUST76640,chat,The box arrived completely crushed. The item inside might be okay but I'm worried.,I've removed the incorrect VAT and issued a corrected invoice to your billing email.,,118.44,Spain,open
4ae58be8-1e9f-4e4b-b31a-68d54e36e778,2024-11-16 07:43:25,CUST19952,email,I was charged for shipping but your website said free shipping on orders over $50. Mine was $74.,,,392.41,France,escalated
3d71d578-7943-41a5-9185-70fb2067e7a7,2024-04-08 14:08:18,CUST08358,chat,Is it normal for a domestic shipment to take over two weeks? I'm starting to think it's lost.,,Running Shoes,402.63,Spain,open
42f4b9af-51de-444f-9d0b-e7cde2c69fc2,2025-10-04 04:29:35,CUST38300,web,Your warehouse is in my city. Why does shipping take five days?,,Coffee Maker,157.72,Australia,resolved
8f560d9b-2a0d-46c5-94b2-762ae0e64188,2025-01-19 04:20:17,CUST04166,chat,I applied a store credit but the full amount was still charged to my card. The credit seems to have disappeared.,,Laptop Stand,383.57,India,open
bf1201c0-8198-4a3d-b7aa-505b52f4ad92,2026-04-21 11:57:48,CUST92196,chat,The invoice I received has the wrong VAT number on it. I need a corrected invoice for my accounting.,,Running Shoes,,Germany,open
e24b85d8-0c1c-4e3e-b10d-e2a48aec2413,2024-06-03 20:18:38,CUST49764,email,I'm trying to update my payment method and the page keeps timing out. My subscription is about to lapse.,,Yoga Mat,354.41,Netherlands,open
6f6dc9f1-006c-46b5-9c4b-636d7842b1a3,2024-01-27 17:43:46,CUST76581,email,I ordered a gift to arrive before my daughter's birthday. It's three days late. I'm really disappointed.,I've cancelled your order as requested. You won't be charged and any pending holds will clear within 2–3 business days.,Yoga Mat,324.98,France,open
ddeb3805-de9a-41eb-9a16-ee2c8b984c41,2024-05-09 22:07:18,CUST18237,email,Is it normal for a domestic shipment to take over two weeks? I'm starting to think it's lost.,I've updated your subscription to the correct plan and issued a pro-rated refund for the difference.,Laptop Stand,287.65,Australia,open
88d86dcb-b939-42ba-9808-548c93cdf1dc,2026-02-05 11:56:48,CUST46452,chat,The Bluetooth on this device disconnects constantly. I've tried re-pairing it multiple times.,,Smart Watch,399.4,Netherlands,open
84ac03c8-cbc9-4fae-a140-fb0a251f7cc2,2025-01-01 04:59:58,CUST57788,web,I paid for express shipping and it's been a week. That's not express. I want a refund on the shipping charge at minimum.,,Phone Case,380.87,Canada,resolved
8d60cfe5-e608-4510-a599-4a2cce1d2405,2024-07-07 17:00:59,CUST23710,web,The product stopped working after a week of normal use. That's not acceptable for the price I paid.,I'm sorry the size didn't work out. I've set up an exchange for you — you'll receive a prepaid return label by email.,Air Purifier,278.07,India,open
c7b422b6-3c8a-4009-a9a1-e92fff8a74f5,2024-07-01 15:49:20,CUST64485,email,"The product doesn't fit. I'd like to exchange it for a different size, not a refund.",,Sunglasses,110.19,UAE,escalated
b4230001-e17c-4bbc-984a-f96b596af0a6,2025-07-30 17:19:35,CUST89477,chat,The replacement you sent for my damaged item is also damaged. Can we just do a refund at this point?,,Water Bottle,90.48,Japan,resolved
c6c3909a-b3e8-4d49-9aa7-85d38ca967dc,2024-01-16 06:09:37,CUST56227,chat,My tracking shows the package left the warehouse four days ago but there's been no update since.,Thank you for your patience. I've updated your shipping address — the order hasn't left the warehouse yet so the change went through.,Phone Case,172.21,United States,resolved
7a0c9c74-cfa2-482c-827f-35a6df3b1e89,2024-08-31 00:59:29,CUST15835,email,I moved recently and I think I gave the wrong address. Can you update the shipping address before it goes out?,I've removed the incorrect VAT and issued a corrected invoice to your billing email.,Gaming Mouse,159.82,UAE,resolved
def54e9f-f0bf-409e-8906-50a943ae60f8,2025-01-30 17:44:43,CUST88319,chat,My package has been bouncing between two distribution centres for five days. Is this normal?,I'm sorry to hear the product didn't meet your expectations. I've raised a quality report and our team will follow up with next steps.,Air Purifier,297.79,Singapore,open
2faf5b74-f7f2-421c-8da2-847597e4b586,2025-03-06 16:09:47,CUST97320,web,My package has been bouncing between two distribution centres for five days. Is this normal?,I'm sorry the size didn't work out. I've set up an exchange for you — you'll receive a prepaid return label by email.,Air Purifier,438.56,France,open
ae02aa72-c9de-4ac5-843f-349bf81c6c9c,2024-03-22 01:45:14,CUST28767,chat,My loyalty points disappeared after I changed my email. Can you restore them?,,Gaming Mouse,198.91,Brazil,open
ec16e6c3-1cc6-4fdd-a898-c8692e9b46db,2026-03-21 21:02:15,CUST58193,web,My account shows a balance I didn't deposit. Where did it come from and is it real credit I can use?,,Laptop Stand,350.6,Germany,resolved
28b4ae3c-ea5c-4b58-aa81-e54cf1facf6d,2025-11-07 09:23:13,CUST52057,web,The product arrived defective — it stopped working after two days. I need a full refund.,,Laptop Stand,461.1,Australia,open
086c32ea-3ce6-4439-8aa4-1216c21b8ec1,2024-10-05 01:48:44,CUST03758,chat,The refund you promised two weeks ago still hasn't appeared in my account. When will it post?,"I've confirmed your cancellation. If the package ships before the cancellation processes, you can refuse delivery for a full refund.",Sunglasses,16.37,Germany,open
8dc9fa91-a0ab-4cb6-bfb0-9b125da53872,2025-03-03 02:55:54,CUST76044,email,Your courier left a 'missed delivery' note but I was home all day. Now I can't find a redelivery option on their site.,,Mechanical Keyboard,250.25,Brazil,resolved
cc40b874-269d-44a7-83a4-149d82283f49,2026-04-27 12:58:12,CUST10509,web,I never received a shipping confirmation email. My order status just says 'confirmed'.,,Water Bottle,215.59,Mexico,open
f3dfc81c-d70f-4a2a-8fbc-3f8f89f8f469,2025-11-19 18:19:48,CUST05184,web,I got a shipment notification for an order I never placed. Did someone use my account?,,Bluetooth Speaker,425.63,France,escalated
f24caea8-a84f-447e-a0e1-3880ff8fbe7c,2024-09-19 20:44:17,CUST95806,email,I ordered a gift to arrive before my daughter's birthday. It's three days late. I'm really disappointed.,I've removed the incorrect VAT and issued a corrected invoice to your billing email.,Air Purifier,51.14,Brazil,open
d20e0579-c702-40a2-9fa0-79cd9fb90096,2024-11-04 15:27:14,CUST86204,chat,I want to return this item. It's not what I expected from the product photos.,I've processed a store credit for the full amount. It's now available in your account balance.,Running Shoes,465.83,United Kingdom,open
b1aeed99-2d60-4ba5-8bc0-24323212261c,2024-05-20 16:23:08,CUST21259,email,My tracking shows the package left the warehouse four days ago but there's been no update since.,,Smart Watch,235.57,Spain,resolved
afb03f3c-242e-46c9-ac26-0efbf4004d78,2025-01-18 06:50:24,CUST43240,chat,A charge appeared from a month I didn't use the service at all. I need an explanation.,I apologise for the inconvenience. I've flagged this with our warehouse team and we'll get back to you within one business day.,Gaming Mouse,102.24,Spain,open
7cfb8c1d-e300-4d42-815d-4913682e84cb,2025-04-03 03:52:29,CUST47417,chat,How long does a refund typically take once you receive the item back at the warehouse?,I've merged both accounts and transferred all order history and loyalty points to your primary account.,Water Bottle,417.55,United States,escalated
60cf3f72-b0ce-425a-b655-114bebb9af78,2025-08-22 03:13:06,CUST28936,chat,You're still charging me after I deleted my account. How is that possible?,I've processed a full refund including return shipping costs. The amount will post in 3–5 business days.,Laptop Stand,399.2,United Kingdom,resolved
82e4bd33-a4e2-4dc9-8128-565fd4796dce,2024-11-23 08:17:06,CUST43740,web,Is it normal for a domestic shipment to take over two weeks? I'm starting to think it's lost.,,Bluetooth Speaker,195.18,UAE,escalated
e10fab9f-114f-42cf-aae3-8fede5fe1913,2025-05-15 18:54:03,CUST15026,email,I accidentally ordered two of the same item and I want to return one unopened one.,,Electric Toothbrush,89.75,Netherlands,open
25aaa0c8-6664-4dc3-9892-a9d7c68f5c29,2024-02-03 18:53:51,CUST79799,email,After charging overnight the battery is still showing 40%. Is the charging port defective?,,Running Shoes,175.56,South Africa,open
e2ef9b80-fa3d-4be6-a2ab-78ccc111442a,2024-03-03 08:06:58,CUST38166,web,My account shows I'm logged in on a device I don't recognize. How do I remove it?,,Air Purifier,444.43,Japan,escalated
8155c98c-7d1a-4dde-9b5d-a5c65d1ef2ce,2024-11-04 07:12:17,CUST92250,web,"I ordered during your sale and was quoted one price, but my card was charged the regular price.",,Bluetooth Speaker,91.02,United States,resolved
9b0b2ddb-8c61-4fe9-832c-e30005769cbf,2024-11-07 07:41:49,CUST24412,chat,My tracking shows the package left the warehouse four days ago but there's been no update since.,,Air Purifier,424.38,France,open
bc7772c0-a9ae-4f22-958d-4a4167224b78,2024-09-04 12:14:44,CUST51786,email,My order confirmation shows one item but I thought I added two to my cart. Can you check?,,Running Shoes,459.31,India,open
eb46c50d-18a2-4341-947a-a1b421067619,2024-07-26 10:13:12,CUST65469,chat,Can I change my delivery to a parcel locker instead of home delivery?,Your package was marked delivered in error. I've opened a trace with the carrier — we'll update you within 48 hours.,Mechanical Keyboard,,Spain,resolved
3ef4e44c-1724-4b93-bcc9-2bed99c4de22,2024-12-31 07:18:36,CUST55580,email,Your website is extremely slow on mobile. Pages take 15+ seconds to load and sometimes just white-screen.,,Air Purifier,31.68,Germany,open
25fe144c-7282-486d-80f6-4ac382c52c71,2025-06-11 12:42:29,CUST62624,chat,One of the components was missing from the box. The product is unusable without it.,Your case has been escalated to our technical team. They'll reach out within 48 hours with a solution.,Gaming Mouse,418.77,Brazil,resolved
19bc9678-7dec-47de-886a-47288dc07498,2025-06-21 22:30:36,CUST16025,chat,I changed my email address but the verification email went to the old address I no longer have access to.,I've processed a store credit for the full amount. It's now available in your account balance.,,338.4,India,resolved
e2683369-38d5-4fdd-8eb0-370acb0e9bfb,2025-04-15 14:57:46,CUST64197,email,I was given a different order number in two emails about the same purchase. Which one is correct?,,Bluetooth Speaker,97.63,India,resolved
f98d6602-3eff-41bd-8106-80377146a6f3,2025-08-18 16:51:56,CUST12059,chat,My order was cancelled without any explanation. I didn't cancel it. What happened?,,Coffee Maker,249.91,France,open
de58a498-0453-445d-9adb-a312c1313323,2025-07-27 16:22:06,CUST46540,email,Tracking says my item is stuck in a customs facility. What documents do I need to provide?,Your case has been escalated to our technical team. They'll reach out within 48 hours with a solution.,,321.63,UAE,open
34285f9b-5d63-47e5-8986-ab6e91f273ca,2024-02-26 21:00:26,CUST86321,email,"I ordered two items together and they shipped separately. One arrived fine, the other is nowhere to be found.",,Gaming Mouse,179.24,Brazil,resolved
73ee67b4-a946-456c-a3ef-3c6c48db8040,2025-01-14 04:44:01,CUST89701,chat,"I ordered two items together and they shipped separately. One arrived fine, the other is nowhere to be found.","I've forwarded your firmware issue to our engineering team. As an interim step, try rolling back to the previous version using these steps: hold the reset button for 10 seconds while powering on.",Electric Toothbrush,261.19,Japan,open
5434f6d8-0e98-4ab1-9c55-1f51526da7fb,2025-04-14 02:51:11,CUST66024,email,The carrier says 'address not found' but I've received packages here before. This makes no sense.,,Phone Case,289.74,Germany,resolved
ee59edfd-c026-4a3c-a85b-8e7320b59f87,2026-04-17 13:15:11,CUST30597,chat,I want to cancel my order. It hasn't shipped yet so this should be straightforward.,I've processed a full refund including return shipping costs. The amount will post in 3–5 business days.,Sunglasses,32.41,India,escalated
62a3933e-ffcb-43ef-a915-352fac57683c,2025-03-18 14:18:29,CUST40630,web,I was charged for shipping but your website said free shipping on orders over $50. Mine was $74.,I've processed a store credit for the full amount. It's now available in your account balance.,Wireless Headphones,118.45,United States,resolved
e12a98f1-d4d7-47d6-be14-1ee671995ffe,2024-12-09 09:37:44,CUST19497,email,The item broke within the warranty period. Do I return it or is there a repair service?,,Laptop Stand,,France,open
ff0d5745-7ee6-4554-b0e1-5c35f90134ce,2025-11-21 07:48:05,CUST27738,email,I can't log in. It says my credentials are incorrect but I haven't changed my password.,I'm sorry to hear about this experience. I've initiated a full refund which should appear in 3–5 business days.,Mechanical Keyboard,319.38,Netherlands,escalated
e2e0941c-a4f8-480e-b4da-93dd49037e4c,2024-05-09 01:53:39,CUST38544,email,Can I split my order into two shipments — one to my home and one to my office?,,,91.7,France,resolved
1aed9307-25a8-46b0-b47d-1a13419ca3e8,2025-10-07 06:58:23,CUST04873,chat,Your warehouse is in my city. Why does shipping take five days?,Thanks for flagging this. I've suspended any further charges while we investigate the billing error.,Gaming Mouse,496.14,UAE,open
e39e5b86-c0c3-49fd-98d1-51c52bf6592f,2024-09-04 04:19:51,CUST68653,email,I was charged twice for the same order. Both transactions show on my bank statement. Please refund one.,I've resent the password reset link to the email on file. Please check your spam folder if it doesn't arrive within a few minutes.,Wireless Headphones,480.52,Singapore,resolved
f770f1aa-cc95-40dd-9b00-eecc5c1e55f2,2026-02-19 07:16:31,CUST88636,email,I was given a different order number in two emails about the same purchase. Which one is correct?,"I've confirmed your cancellation. If the package ships before the cancellation processes, you can refuse delivery for a full refund.",Electric Toothbrush,206.03,United States,resolved
a550bba1-865e-4dd0-b0d7-decba4c2cdee,2025-06-02 22:28:02,CUST72169,email,The Bluetooth on this device disconnects constantly. I've tried re-pairing it multiple times.,,Mechanical Keyboard,308.76,Netherlands,escalated
1fe4aa1b-2592-49c5-91a4-c0304b7cee3b,2025-09-27 00:14:47,CUST05932,email,I want to cancel my order. It hasn't shipped yet so this should be straightforward.,,Coffee Maker,442.92,South Africa,open
fbfc5845-a8c5-4aa2-98dd-b102b3b5398a,2026-03-05 07:58:02,CUST32753,chat,Can you give me an updated delivery estimate? The app says 'pending' but the order was placed two weeks ago.,I've located your parcel — it appears there was a carrier delay. The updated delivery estimate is within the next 2 business days.,Coffee Maker,235.98,Australia,resolved
4038d087-7fd5-4140-b6c9-899c57fdb9e9,2025-11-20 04:35:23,CUST32781,web,I want to return this item. It's not what I expected from the product photos.,,Smart Watch,481.61,United States,resolved
449038de-313a-4e61-9fc5-7cc51bafe684,2025-09-23 05:42:11,CUST87616,web,I got a shipment notification for an order I never placed. Did someone use my account?,,Laptop Stand,224.88,Mexico,resolved
38d2c8f0-4813-4f10-86cc-cf854d28c0eb,2025-03-31 02:27:17,CUST60568,email,I want to cancel my order. It hasn't shipped yet so this should be straightforward.,,Air Purifier,381.39,UAE,resolved
cd136bc0-6e65-48be-a283-73fb6d301bff,2024-06-22 15:35:58,CUST25652,web,The coating is peeling after just a few uses. I followed all the care instructions.,Thanks for contacting us. I've applied the correct discount to your account and a revised invoice is on its way.,Running Shoes,,Spain,resolved
2091ec23-f416-404a-bba9-3245f159de5e,2025-01-15 04:08:15,CUST45475,web,I see a charge from your company on my card that I don't recognize. I didn't place any order recently.,,Desk Lamp,265.67,United States,open
95d139b3-326c-4178-8d63-1314b9061464,2025-07-30 02:19:54,CUST95442,email,You're still charging me after I deleted my account. How is that possible?,,Sunglasses,404.55,Canada,open
cd07ef45-4d21-401e-94de-5802de3a71b7,2025-03-30 02:57:34,CUST64303,email,The estimated delivery window on my confirmation said 3–5 days. It's been 11 days. Nobody is responding to my emails.,,Running Shoes,436.41,Netherlands,open
6c8fc9cd-cd0c-4eda-b58a-5bafa2ef3322,2024-09-21 17:20:59,CUST52985,email,"My refund was only partial. The full amount should have been returned, not just part of it.",,Air Purifier,246.21,Brazil,escalated
de7fb2cd-c71f-4e53-a119-efbc2e05dc63,2024-01-23 02:37:46,CUST15343,chat,The refund you promised two weeks ago still hasn't appeared in my account. When will it post?,,Phone Case,184.69,Brazil,resolved
7c5fc6ff-97c2-4687-b0dc-e8b463287e50,2024-01-19 22:52:41,CUST83350,chat,The delivery driver left my package in the rain and everything inside is damaged. I have photos.,,Sunglasses,272.03,Japan,resolved
cfd787c2-ef14-4029-aced-ddf6e64def19,2024-05-03 10:00:34,CUST07983,chat,Same-day delivery was advertised but I'm getting a three-day estimate at checkout. That's misleading.,,Smart Watch,361.52,Canada,open
d3dd1eae-a9fd-482a-ae48-475ce58727b2,2025-02-16 20:22:31,CUST84131,web,The tracking number you sent me doesn't work on the carrier's website. Can you tell me where my package actually is?,,Smart Watch,383.22,Brazil,open
40f2a427-050a-4956-ab50-780235537b73,2026-04-14 02:20:13,CUST05137,chat,I ordered a gift to arrive before my daughter's birthday. It's three days late. I'm really disappointed.,,Mechanical Keyboard,248.74,UAE,open
7a0195f3-e017-4043-ba8e-6c8a4acdf5e9,2025-10-29 14:27:06,CUST17399,email,The tracking number you sent me doesn't work on the carrier's website. Can you tell me where my package actually is?,Your case has been escalated to our technical team. They'll reach out within 48 hours with a solution.,Yoga Mat,171.03,Brazil,resolved
4fd87bfc-e945-466e-83a7-160ae4ef62f2,2025-04-10 11:17:13,CUST48354,email,I set up two-factor authentication but I've lost the authenticator app. How do I recover access?,I've processed a store credit for the full amount. It's now available in your account balance.,Desk Lamp,248.91,France,escalated
3965f80c-aece-4ce0-94da-eaef3dbd152e,2026-03-02 13:19:25,CUST77221,email,My account shows a balance I didn't deposit. Where did it come from and is it real credit I can use?,Thanks for flagging this. I've suspended any further charges while we investigate the billing error.,Wireless Headphones,413.05,Australia,resolved
4d66a941-6aca-48dd-8d5d-d448a064006a,2024-12-26 02:14:05,CUST34845,email,I want to cancel my order. It hasn't shipped yet so this should be straightforward.,I've located your parcel — it appears there was a carrier delay. The updated delivery estimate is within the next 2 business days.,Smart Watch,85.75,Canada,open
7fcf519c-0fb5-4a5a-929d-7c98df95d76a,2025-09-07 12:53:50,CUST22925,web,Can I split my order into two shipments — one to my home and one to my office?,,Desk Lamp,122.07,Germany,open
08d83946-08c8-4c3c-aa55-6b4f417c0b28,2025-04-16 15:42:14,CUST52455,web,My account shows a balance I didn't deposit. Where did it come from and is it real credit I can use?,,Gaming Mouse,12.78,India,open
a315d31d-f1bd-4184-93dd-fb7cedef31c6,2025-09-27 00:42:46,CUST52740,web,The order confirmation shows the wrong city in the shipping address. Please fix it urgently.,I've processed a full refund including return shipping costs. The amount will post in 3–5 business days.,Water Bottle,167.7,Singapore,open
6a45c262-b735-4f16-bf00-b1ff524bfa5c,2024-11-05 20:06:53,CUST39874,chat,I applied a store credit but the full amount was still charged to my card. The credit seems to have disappeared.,"I've forwarded your firmware issue to our engineering team. As an interim step, try rolling back to the previous version using these steps: hold the reset button for 10 seconds while powering on.",Running Shoes,476.5,United States,resolved
1872c5c3-ac70-41d3-aac6-7d71e89eb797,2025-08-28 22:36:11,CUST73499,chat,I need this order to arrive before I leave for a trip on Friday. Is that possible?,Thank you for reporting this. I've removed the unrecognised device from your account and sent a security alert to your email.,Bluetooth Speaker,149.28,Brazil,open
1bd64446-5fd1-45a3-94bb-2939e828911c,2024-04-24 22:30:03,CUST56229,chat,I moved recently and I think I gave the wrong address. Can you update the shipping address before it goes out?,,Bluetooth Speaker,383.77,Germany,resolved
c2f80ad7-db31-4bc2-8598-98b6127a27cc,2025-03-28 16:54:07,CUST02155,web,I need to change the quantity on an order I placed. Can that be done after the order is confirmed?,,Bluetooth Speaker,235.79,France,open
ec4b4ded-6312-4b09-91fc-da8902324e30,2025-02-06 09:10:57,CUST49021,email,The screen is flickering randomly. It started after I updated the firmware last week.,I've looked into the duplicate charge and confirmed the extra amount will be reversed within 3–5 business days.,Water Bottle,457.36,Netherlands,open
7f9e8887-b5c0-4628-9018-4fa4c2dcecf8,2025-11-10 04:15:18,CUST08587,chat,I opened the packaging but the item is completely unused. Will you still accept the return?,,Mechanical Keyboard,283.56,United Kingdom,resolved
f76bb09b-574a-4d2e-b025-af54c3595a22,2026-03-08 16:40:51,CUST19793,email,I installed the companion app but it doesn't detect the device even though it's right next to my phone.,,Electric Toothbrush,372.08,South Africa,open
da18be05-2cd5-402a-8233-4a0a9fe8a6b4,2024-10-09 05:17:27,CUST95786,web,The app crashes every time I try to open the order history tab. It's been like this for three days.,,,19.25,Australia,open
fe8228d6-e1e6-4366-8db9-f9bad3fd9d2b,2024-08-21 18:51:26,CUST43958,email,My package was apparently delivered to the wrong address according to the carrier. What do I do now?,,Bluetooth Speaker,360.3,UAE,open
6e72ae59-131b-4df2-8906-8e2340bf7838,2024-08-18 08:25:15,CUST34210,email,I ordered a gift to arrive before my daughter's birthday. It's three days late. I'm really disappointed.,,Phone Case,164.51,Australia,resolved
66d527e3-27ff-4d86-8428-d3d8b3af3054,2024-11-09 07:58:27,CUST42643,web,I ordered over a month ago and the status hasn't changed from 'processing'. Is this order ever going to ship?,,,472.75,United Kingdom,resolved
cc616c64-cd21-4936-9ab7-fd3430086733,2025-08-05 17:15:41,CUST07360,email,After charging overnight the battery is still showing 40%. Is the charging port defective?,I can see the payment did go through — the pending status is a display lag. Your order is confirmed.,Water Bottle,484.93,Netherlands,escalated
1d7a8065-b2a8-4625-aa94-0799e2dad291,2026-03-13 08:22:24,CUST12317,email,I opened the packaging but the item is completely unused. Will you still accept the return?,,Smart Watch,54.49,Netherlands,open
6a5118e7-8811-4840-b0b5-4688ffe17117,2025-01-31 13:41:50,CUST81700,chat,Can you walk me through a factory reset? I've tried the standard steps from the manual and it's not working.,,Bluetooth Speaker,161.89,United Kingdom,open
dd51f579-4ab5-427b-9ef7-b846283b4015,2025-04-12 02:42:04,CUST31670,web,I cancelled my subscription three weeks ago and I've just been charged again this month. Please reverse it.,,Coffee Maker,132.01,UAE,open
f12e721d-b5ee-4307-96d6-0d11681e8afb,2026-03-16 15:37:49,CUST22700,email,I ordered over a month ago and the status hasn't changed from 'processing'. Is this order ever going to ship?,,Bluetooth Speaker,413.39,India,open
1745b50d-d71d-41f7-8186-80711cea7b11,2026-03-16 14:47:50,CUST22512,chat,I need this order to arrive before I leave for a trip on Friday. Is that possible?,I've merged both accounts and transferred all order history and loyalty points to your primary account.,Water Bottle,167.33,Singapore,open
0ea8f02a-8962-48b8-a3f6-ec64327c15a1,2024-02-14 06:26:27,CUST70260,email,"My parcel shows 'delivered' but there's nothing at my door, my mailbox, or with my neighbors. Where is it?",Thank you for reaching out. I've looked into this and I'm escalating it to our logistics team right away. You'll hear back within 24 hours.,Smart Watch,494.21,United Kingdom,escalated
5d925f7f-b4e9-4e0a-9169-3eeef82a1ffb,2025-12-22 11:19:44,CUST68729,web,The tracking number you sent me doesn't work on the carrier's website. Can you tell me where my package actually is?,I've looked into the duplicate charge and confirmed the extra amount will be reversed within 3–5 business days.,Sunglasses,331.62,France,escalated
72eb7a50-dfaa-47d5-b674-e700b19b4bc0,2024-05-29 17:59:19,CUST77932,chat,I was charged for shipping but your website said free shipping on orders over $50. Mine was $74.,,Wireless Headphones,56.45,India,open
abcb588d-d9db-423e-ba9d-3d57e6c98ab7,2024-06-12 11:11:31,CUST33424,chat,I placed an order 20 minutes ago with the wrong delivery address. Can you change it before it ships?,,Mechanical Keyboard,140.7,Spain,open
5d49ea34-b082-43be-ab53-551e8910015f,2025-10-17 14:04:53,CUST52906,email,It's been 10 days and my package still hasn't arrived. The tracking page just says 'in transit' and hasn't updated in 4 days. What's going on?,,,419.34,Australia,open
e2dc5508-f4c3-4a26-a8b3-9f45b2852a8f,2025-05-16 00:52:43,CUST09775,chat,I can't log in. It says my credentials are incorrect but I haven't changed my password.,,Mechanical Keyboard,225.53,Japan,open
8978a959-dfc9-4ebc-870a-fa23ebf0b473,2026-03-10 05:36:40,CUST55245,web,The instruction manual was in a language I can't read. There was no English version included.,,Phone Case,177.76,Netherlands,open
f543db94-f7aa-48b2-b609-f52d4eea2eba,2025-07-21 15:55:43,CUST60821,chat,I placed a bulk order for my company and need to update the billing details. Who do I contact?,,Running Shoes,437.92,Germany,open
18fb7590-82d3-45c7-b00d-0de9c4305f8c,2024-05-08 21:14:34,CUST82683,chat,The price I was shown at checkout was different from what appeared on the final confirmation. By about $12.,,Running Shoes,304.46,Canada,resolved
5d00c35d-980d-4fbf-875c-594ad9877f4b,2026-04-04 04:46:04,CUST80858,chat,Can I change my delivery to a parcel locker instead of home delivery?,Thanks for contacting us. I've applied the correct discount to your account and a revised invoice is on its way.,Wireless Headphones,312.91,Mexico,escalated
f291fa4c-5686-4fd0-a189-471a2901f1ea,2024-08-24 04:52:30,CUST89634,chat,My account shows I'm logged in on a device I don't recognize. How do I remove it?,I've located your missing item — it was shipped separately and should arrive within 2 days.,Gaming Mouse,239.32,Canada,resolved
f84bded9-4963-4725-a297-5da934286be8,2025-04-11 00:33:27,CUST01484,chat,I paid for express shipping and it's been a week. That's not express. I want a refund on the shipping charge at minimum.,Your case has been escalated to our technical team. They'll reach out within 48 hours with a solution.,Yoga Mat,384.65,Singapore,escalated
58e77d95-f30f-4540-bbfe-c6324089a3b9,2025-01-11 15:40:41,CUST62669,chat,I returned the item but the tracking shows it was delivered to your warehouse six days ago. No refund yet.,I'm sorry to hear the product didn't meet your expectations. I've raised a quality report and our team will follow up with next steps.,Gaming Mouse,372.43,South Africa,open
ec6b7187-604e-4727-87d1-e207802526a1,2025-11-19 18:27:18,CUST24501,email,It's been 10 days and my package still hasn't arrived. The tracking page just says 'in transit' and hasn't updated in 4 days. What's going on?,,Smart Watch,156.42,United Kingdom,resolved
176f14aa-3899-4a01-b411-23ab801152c0,2025-12-06 20:02:44,CUST21540,chat,"I ordered during your sale and was quoted one price, but my card was charged the regular price.",I've processed a store credit for the full amount. It's now available in your account balance.,Air Purifier,348.8,Singapore,open
6509836f-6720-4874-8a4b-61d26dfd765b,2025-03-28 05:15:10,CUST38119,web,I received the wrong item entirely. I ordered a blue one and got a green one. How do I return it and get the right one?,Thanks for flagging this. I've suspended any further charges while we investigate the billing error.,Water Bottle,221.91,United States,resolved
d04da257-d035-4fbf-af33-0c18c4d84fd4,2025-03-11 06:44:45,CUST44856,email,The refund you promised two weeks ago still hasn't appeared in my account. When will it post?,,Phone Case,247.92,UAE,open
5b6e0110-b661-4a09-b7a2-b4c6e9016acd,2025-11-04 20:00:25,CUST41789,web,I accidentally ordered two of the same item and I want to return one unopened one.,,Wireless Headphones,304.81,UAE,resolved
92df50af-4ad7-479a-9aee-deaef7ed1df0,2024-06-02 03:12:24,CUST91135,email,The product stopped turning on after the last firmware update. Now it's just a brick.,,Coffee Maker,396.19,Mexico,open
7ee5ae55-8499-40e5-8589-e42605c39a61,2026-03-23 02:06:23,CUST06603,email,Can you give me an updated delivery estimate? The app says 'pending' but the order was placed two weeks ago.,,Sunglasses,402.93,Japan,open
34d54bdf-e65b-4954-96fb-544fbe91b277,2025-01-28 19:41:43,CUST55534,email,I got a shipment notification for an order I never placed. Did someone use my account?,I've processed a full refund including return shipping costs. The amount will post in 3–5 business days.,Sunglasses,88.69,Netherlands,resolved
64339677-2f66-4bcf-b712-47643e5972e1,2026-04-30 03:59:31,CUST56527,web,I opened the packaging but the item is completely unused. Will you still accept the return?,I've confirmed your return label has been regenerated and sent to your email. It's valid for 14 days.,Water Bottle,165.1,Germany,open
c5656392-2edc-49d3-96ed-e32e4c39b32e,2024-05-20 11:34:02,CUST65972,email,The order confirmation shows the wrong city in the shipping address. Please fix it urgently.,I've processed a full refund including return shipping costs. The amount will post in 3–5 business days.,Bluetooth Speaker,448.93,Singapore,open
1960f200-6b28-47e6-a9df-e9eb816f5f2a,2024-09-18 19:44:44,CUST50139,chat,"I'm trying to close my account and delete all my data, but I can't find the option in settings.",,Desk Lamp,97.17,UAE,resolved
4070f781-aaf3-4d51-a9c6-c1506122b45b,2024-11-04 13:04:33,CUST11964,chat,I want to return a gift I received. I don't have an order number — only the packing slip.,,Electric Toothbrush,424.05,Japan,resolved
62fe8573-7889-4315-9118-4951ff8271ce,2025-04-01 13:50:35,CUST99153,email,I live in an apartment and couriers keep returning parcels because they can't access the building. Can I arrange pickup?,I apologise for the inconvenience. I've flagged this with our warehouse team and we'll get back to you within one business day.,Sunglasses,,Australia,resolved
573f0217-6c7b-4f29-bf14-130114c5213a,2024-12-06 03:59:08,CUST33732,chat,I'm trying to update my payment method and the page keeps timing out. My subscription is about to lapse.,,Yoga Mat,213.12,Netherlands,escalated
c99b13f1-955d-44ac-971a-5da79260492b,2024-10-25 15:11:36,CUST62896,email,I received the wrong item entirely. I ordered a blue one and got a green one. How do I return it and get the right one?,,Bluetooth Speaker,139.14,France,open
c42dddb1-7c82-4def-bdb7-73a5e45f20a1,2024-12-30 14:28:00,CUST58512,chat,My discount code didn't apply at checkout but I was still charged full price. Can you adjust the total?,,Phone Case,394.27,Netherlands,resolved
62f72a53-92a5-4951-b2d5-653a7e660108,2026-04-11 15:39:51,CUST51935,email,My account shows a balance I didn't deposit. Where did it come from and is it real credit I can use?,,Coffee Maker,224.56,UAE,open
12b0e4d7-d63f-4918-bd89-66ba488f66a5,2024-09-23 04:03:44,CUST08780,web,The instruction manual was in a language I can't read. There was no English version included.,,Wireless Headphones,477.82,Germany,resolved
a3f91d14-3038-496e-8fe3-93ab833b9088,2024-02-12 20:08:38,CUST97626,chat,I received an order confirmation but my payment hasn't been debited. Is the order actually placed?,I've processed a full refund including return shipping costs. The amount will post in 3–5 business days.,Bluetooth Speaker,401.22,Netherlands,escalated
b068fd74-bdce-4d97-8480-1763b2e9fcf7,2024-08-12 01:23:54,CUST89509,chat,I opened the packaging but the item is completely unused. Will you still accept the return?,,Phone Case,269.59,Japan,open
29f4c588-4cb3-4289-9dff-5745a1a9053d,2024-10-29 07:55:15,CUST39220,email,There's a visible scratch on the product. It looks like it was returned and resold as new.,,Phone Case,291.26,South Africa,open
c9138624-67b3-4374-8e4f-d97e9ff7aeae,2025-09-25 03:28:01,CUST67252,chat,It's been 30 days and one day. Will you make an exception given that the item arrived late?,Your case has been escalated to our technical team. They'll reach out within 48 hours with a solution.,Yoga Mat,137.65,Australia,open
3b6e7cdd-719d-4cbf-841a-42b4685ca142,2024-05-06 17:05:25,CUST57184,chat,I moved recently and I think I gave the wrong address. Can you update the shipping address before it goes out?,,Bluetooth Speaker,10.85,Netherlands,open
ca6b19bb-a7fa-4f7e-9215-7e52d13bc14a,2025-05-22 18:12:41,CUST64099,chat,The delivery driver left my package in the rain and everything inside is damaged. I have photos.,,Mechanical Keyboard,272.25,France,open
e79c341e-2bfd-460e-8773-aaedb188301d,2024-08-28 06:33:32,CUST95927,email,The estimated delivery window on my confirmation said 3–5 days. It's been 11 days. Nobody is responding to my emails.,,Yoga Mat,,United States,escalated
09a20c40-b6d2-4dd9-ae56-3f96875e2ec2,2024-07-05 20:28:41,CUST44152,email,I need this order to arrive before I leave for a trip on Friday. Is that possible?,,Mechanical Keyboard,310.46,France,escalated
aad30f1e-9f94-4f70-91a2-82794f365795,2025-08-27 01:13:25,CUST71815,chat,I moved recently and I think I gave the wrong address. Can you update the shipping address before it goes out?,I've removed the incorrect VAT and issued a corrected invoice to your billing email.,Desk Lamp,185.58,Spain,escalated
48d7c41d-f907-4250-8184-8bfd0b3488af,2026-01-16 07:28:56,CUST91815,web,Your website is extremely slow on mobile. Pages take 15+ seconds to load and sometimes just white-screen.,,Sunglasses,229.47,Australia,open
293935ff-ccc9-4e4f-a0d6-807eb1526ffe,2025-10-24 06:19:54,CUST66617,chat,The estimated delivery window on my confirmation said 3–5 days. It's been 11 days. Nobody is responding to my emails.,I've looked into the duplicate charge and confirmed the extra amount will be reversed within 3–5 business days.,Sunglasses,395.32,Germany,resolved
79987e25-0c0e-4768-b47f-46ab24d262a6,2024-03-26 14:51:22,CUST80314,web,Two of the three items in my order arrived but one is missing. The packing slip shows all three.,,Laptop Stand,,Germany,open
a2413fa6-8fbf-4e79-9fb4-a83e91188170,2025-06-30 10:46:20,CUST80688,web,Your return portal says my order isn't eligible for return but it's within the 30-day window. Please help.,,,234.04,Canada,escalated
9aa1dcd6-6bbf-450d-b8c9-f46574a8d252,2025-05-12 14:02:31,CUST13739,email,I paid for express shipping and it's been a week. That's not express. I want a refund on the shipping charge at minimum.,I've applied a $10 goodwill credit to your account for the inconvenience. It'll appear automatically at your next checkout.,Running Shoes,152.32,Spain,open
5f5f92ba-453b-48cb-9729-a3bc7b50f067,2025-05-28 19:16:46,CUST26356,chat,My package was apparently delivered to the wrong address according to the carrier. What do I do now?,,Sunglasses,217.19,UAE,resolved
62954af3-dd81-4154-ab15-d3551843db93,2025-04-26 03:54:58,CUST34606,web,"I initiated a return and got a confirmation, but I've heard nothing since. What's the status?",I've located your missing item — it was shipped separately and should arrive within 2 days.,Desk Lamp,304.06,South Africa,resolved
29d55af5-7065-4278-9476-862e072ad27a,2024-03-05 22:23:33,CUST72311,chat,One of the components was missing from the box. The product is unusable without it.,I've confirmed your return label has been regenerated and sent to your email. It's valid for 14 days.,Running Shoes,343.64,Spain,resolved
acc67bca-77a9-4824-bed5-c98451d4d2be,2025-03-18 10:21:59,CUST84494,chat,I moved recently and I think I gave the wrong address. Can you update the shipping address before it goes out?,I've located your missing item — it was shipped separately and should arrive within 2 days.,Phone Case,254.0,Canada,resolved
74ebfe8c-cad0-4129-8873-1f6a593ee5f8,2024-02-25 10:48:46,CUST77113,chat,How long does a refund typically take once you receive the item back at the warehouse?,I can see the payment did go through — the pending status is a display lag. Your order is confirmed.,Phone Case,311.51,Brazil,resolved
b2e6bd84-6136-43a5-bfb5-0ddbc7513dbc,2025-11-17 15:50:32,CUST90833,email,Your warehouse is in my city. Why does shipping take five days?,,Bluetooth Speaker,132.89,Canada,open
023817e4-12b1-438b-b8d2-a5d39a9a6f16,2024-11-07 16:44:52,CUST06624,email,I was charged twice for the same order. Both transactions show on my bank statement. Please refund one.,Thank you for your patience. I've updated your shipping address — the order hasn't left the warehouse yet so the change went through.,Running Shoes,436.96,United Kingdom,resolved
a0a416d4-30d5-45dc-a754-e495370e5926,2026-04-01 02:01:06,CUST48228,web,My tracking shows the package left the warehouse four days ago but there's been no update since.,I've confirmed your order details and can see the issue. A replacement has been dispatched — you'll receive tracking info shortly.,Laptop Stand,,Japan,open
c5dc74d7-63d2-4386-b4e9-cfc060262d39,2025-05-14 16:12:52,CUST50213,chat,The delivery driver left my package in the rain and everything inside is damaged. I have photos.,,Desk Lamp,429.93,Singapore,resolved
ecafa65a-62d1-4485-894b-d397047814cd,2026-04-27 12:47:28,CUST10796,chat,"I initiated a return and got a confirmation, but I've heard nothing since. What's the status?",,Wireless Headphones,132.52,South Africa,open
4f4c92c0-cc17-4403-9416-b650074e2a04,2024-08-25 21:23:43,CUST78532,chat,The carrier says 'address not found' but I've received packages here before. This makes no sense.,,Sunglasses,190.36,United States,open
a991ab7c-271b-4d13-9b1b-aecfd7d6b41f,2025-04-10 19:30:14,CUST20768,web,The product stopped turning on after the last firmware update. Now it's just a brick.,I've merged both accounts and transferred all order history and loyalty points to your primary account.,Gaming Mouse,214.69,Japan,open
58b3dfb5-6b43-4216-9321-7bd1a18dd7df,2025-08-26 10:11:57,CUST75556,chat,I paid for express shipping and it's been a week. That's not express. I want a refund on the shipping charge at minimum.,I've processed a full refund including return shipping costs. The amount will post in 3–5 business days.,Smart Watch,367.36,Singapore,resolved
e8cbc679-42ec-48fd-ad57-c8dab9e700a8,2025-12-20 19:54:24,CUST86543,chat,I was given a different order number in two emails about the same purchase. Which one is correct?,I've merged both accounts and transferred all order history and loyalty points to your primary account.,Electric Toothbrush,389.54,UAE,open
45f9d81d-7efb-4ae0-8aab-66b2a50a8ce9,2024-11-05 18:32:03,CUST35826,web,Can you walk me through a factory reset? I've tried the standard steps from the manual and it's not working.,I've processed a store credit for the full amount. It's now available in your account balance.,,288.02,Canada,open
fc67487f-285f-4088-93ab-c782daba04dc,2024-08-30 02:43:15,CUST69326,chat,You're still charging me after I deleted my account. How is that possible?,,Electric Toothbrush,309.08,Singapore,resolved
d54b386e-0377-4e97-9619-ab39aa1a6fa9,2024-02-24 20:08:24,CUST11100,web,"I ordered two items together and they shipped separately. One arrived fine, the other is nowhere to be found.",I've confirmed your order details and can see the issue. A replacement has been dispatched — you'll receive tracking info shortly.,Electric Toothbrush,374.36,Australia,open
14e96b2a-4e3d-4e09-a8fc-608d134bdc2b,2024-04-12 13:31:08,CUST59597,email,I never received a shipping confirmation email. My order status just says 'confirmed'.,Thanks for contacting us. I've applied the correct discount to your account and a revised invoice is on its way.,Air Purifier,84.49,India,open
dba0012e-8821-4b01-960d-1d6425160f20,2025-09-28 09:58:24,CUST28874,email,A charge appeared from a month I didn't use the service at all. I need an explanation.,,Air Purifier,57.56,United States,open
4023795e-77df-4ae1-afb6-fec5d80e0f80,2025-08-14 18:48:48,CUST76720,email,"I initiated a return and got a confirmation, but I've heard nothing since. What's the status?",,Air Purifier,19.73,Brazil,escalated
e8139d4f-5da4-408f-a594-a68641ec4ba4,2025-06-18 02:52:02,CUST51512,chat,I paid with PayPal but the order confirmation says payment pending. Did the payment go through or not?,,Phone Case,397.57,South Africa,open
616e5a02-8aad-4220-9ec3-06c67c5ff1d2,2025-05-13 04:30:35,CUST41597,chat,The product stopped turning on after the last firmware update. Now it's just a brick.,,Sunglasses,147.32,Netherlands,escalated
79acab06-17df-4b65-aee0-d77664c11dcf,2024-02-06 10:04:06,CUST75203,email,My discount code didn't apply at checkout but I was still charged full price. Can you adjust the total?,,Coffee Maker,497.6,South Africa,open
d365a4d6-2a12-4c25-bc01-9e18caa38ae4,2024-05-04 15:43:12,CUST58029,chat,The order confirmation shows the wrong city in the shipping address. Please fix it urgently.,Thank you for your patience. I've updated your shipping address — the order hasn't left the warehouse yet so the change went through.,Gaming Mouse,350.69,Germany,resolved
8eabc4af-75dc-4e2d-9f55-aa2107bcd1f4,2025-06-05 09:22:35,CUST58665,chat,Your return portal says my order isn't eligible for return but it's within the 30-day window. Please help.,,Yoga Mat,50.82,Brazil,escalated
e9ee2f61-4bb0-4b78-92fb-0fd548421896,2024-05-11 17:23:52,CUST58102,web,The order confirmation shows the wrong city in the shipping address. Please fix it urgently.,"I can confirm we've received your return. The refund will be processed once our team inspects the item, usually within 5–7 days.",Air Purifier,126.1,United Kingdom,resolved
209a73ed-5fc9-4a70-93ce-c1ce28429f6d,2024-01-15 23:36:02,CUST05912,email,I was given a different order number in two emails about the same purchase. Which one is correct?,,Wireless Headphones,69.77,Japan,open
0d3b3619-d8d2-4fc2-a22a-a9ccfc0ee91f,2024-05-06 01:42:00,CUST21106,web,I'm trying to update my payment method and the page keeps timing out. My subscription is about to lapse.,I've processed a full refund including return shipping costs. The amount will post in 3–5 business days.,Bluetooth Speaker,104.39,Mexico,open
0470fac0-20d5-4d0a-b888-a7d50f0d0b44,2026-02-08 10:08:11,CUST92749,web,My package was apparently delivered to the wrong address according to the carrier. What do I do now?,,Phone Case,106.88,Canada,resolved
00ee1f2f-4ed7-4838-8ae8-5f75df401b85,2024-10-21 03:18:54,CUST11325,email,I'm trying to update my payment method and the page keeps timing out. My subscription is about to lapse.,I've merged both accounts and transferred all order history and loyalty points to your primary account.,Sunglasses,258.26,Germany,open
2ba355e8-27d6-4b6e-b1a5-45414e39cce1,2025-01-24 20:05:11,CUST53804,chat,It's been 10 days and my package still hasn't arrived. The tracking page just says 'in transit' and hasn't updated in 4 days. What's going on?,I've confirmed your order details and can see the issue. A replacement has been dispatched — you'll receive tracking info shortly.,Electric Toothbrush,313.72,Mexico,open
4f85b60b-2938-4086-9266-23336cf1831c,2025-11-23 17:33:01,CUST01595,email,Your warehouse is in my city. Why does shipping take five days?,,Bluetooth Speaker,373.67,Brazil,open
6d5ffc19-4ace-4941-8028-81cf0f0f1967,2025-04-11 10:01:33,CUST75833,email,The carrier says 'address not found' but I've received packages here before. This makes no sense.,,Electric Toothbrush,462.49,Mexico,escalated
43a92ee9-b01d-4fb5-a284-5385061daac7,2025-09-18 09:56:22,CUST77722,email,I accidentally ordered two of the same item and I want to return one unopened one.,,,165.19,Mexico,resolved
7b8e389f-1b3f-41a2-a2c3-d6026220eb86,2025-09-12 11:23:30,CUST50622,email,I paid for express shipping and it's been a week. That's not express. I want a refund on the shipping charge at minimum.,Thank you for reaching out. I've looked into this and I'm escalating it to our logistics team right away. You'll hear back within 24 hours.,Air Purifier,106.9,Brazil,open
49359ca1-5e3d-4c01-9aa2-8f3c3e06fedc,2025-04-16 12:07:30,CUST84337,email,I created two accounts by accident. Can you merge them or delete the duplicate?,,Air Purifier,336.24,France,escalated
b8d499c6-1ed0-4c3b-9997-c3a078393d31,2024-04-13 22:26:21,CUST57942,chat,The stitching on this started coming apart after just two wears. Really poor quality.,,Coffee Maker,319.44,France,resolved
3dcec87b-102b-4a92-82b9-6241cbcf10f5,2025-10-28 10:11:00,CUST91928,chat,How long does a refund typically take once you receive the item back at the warehouse?,,Bluetooth Speaker,242.03,United States,open
92a8d484-ddbe-4964-be7f-413c3825e357,2025-10-09 18:54:30,CUST33535,email,There's a visible scratch on the product. It looks like it was returned and resold as new.,,Mechanical Keyboard,352.18,Spain,open
f3869387-b20b-4f87-bfbe-e6677d0981a5,2025-05-14 22:47:40,CUST93993,web,I'm trying to update my payment method and the page keeps timing out. My subscription is about to lapse.,,Coffee Maker,441.56,India,resolved
18010bf0-89e9-40e9-8667-20fb06e84602,2025-05-14 16:09:54,CUST18779,web,I'm getting an error saying my card is declined but my bank says there's no issue on their end.,I've applied a $10 goodwill credit to your account for the inconvenience. It'll appear automatically at your next checkout.,Desk Lamp,358.83,France,resolved
eacf91f4-a297-4b46-96fe-31945c132469,2024-04-01 16:28:18,CUST73305,chat,The coating is peeling after just a few uses. I followed all the care instructions.,,Bluetooth Speaker,163.94,Spain,resolved
6f3ec941-1630-4909-bb97-aef3cdff4ff6,2024-10-19 08:25:12,CUST99140,email,The order confirmation shows the wrong city in the shipping address. Please fix it urgently.,,Smart Watch,217.27,Mexico,resolved
128bf363-4f1d-47db-a768-6fa57ed608fa,2025-04-08 04:50:41,CUST43240,chat,Your website is extremely slow on mobile. Pages take 15+ seconds to load and sometimes just white-screen.,I've processed a store credit for the full amount. It's now available in your account balance.,Air Purifier,197.19,Canada,resolved
c12f7838-5eab-41c8-a55f-303a99bcac77,2025-05-02 22:00:45,CUST14743,email,My order confirmation shows one item but I thought I added two to my cart. Can you check?,Thank you for the photos — I can clearly see the damage. A replacement unit will ship within 1–2 business days.,Coffee Maker,435.19,Netherlands,open
e74aab8e-722d-4a35-8baa-48b9c08221ce,2024-08-08 04:55:44,CUST56806,email,The button on the side stopped responding. Everything else works fine but that one button is dead.,I've updated your subscription to the correct plan and issued a pro-rated refund for the difference.,Coffee Maker,168.77,Singapore,resolved
d662855f-a8b1-4ec6-bdf4-a3f1354cd772,2026-03-05 21:52:15,CUST02711,chat,Same-day delivery was advertised but I'm getting a three-day estimate at checkout. That's misleading.,,Smart Watch,186.56,France,open
54607ec4-eb63-42b9-bfa3-b3e25ec91d56,2025-10-03 00:24:03,CUST51768,chat,My account shows I'm logged in on a device I don't recognize. How do I remove it?,,Air Purifier,53.84,Australia,open
2f183e9e-13e6-40fb-ac4f-ebd5d59d035b,2024-06-28 00:47:58,CUST43308,chat,My discount code didn't apply at checkout but I was still charged full price. Can you adjust the total?,,,475.48,Mexico,open
dbb48bae-af3e-47d1-9346-36ced708e49a,2025-05-11 06:17:43,CUST56608,email,There's a visible scratch on the product. It looks like it was returned and resold as new.,I've processed a full refund including return shipping costs. The amount will post in 3–5 business days.,Laptop Stand,,Australia,resolved
1ffa110c-8c28-47ad-bb41-553030c5328e,2024-11-20 09:59:35,CUST39705,email,I opened the packaging but the item is completely unused. Will you still accept the return?,,Gaming Mouse,272.75,Spain,resolved
d96b03a7-a5e6-4aa1-b7dc-fc0863c97de8,2025-03-13 03:59:30,CUST48586,chat,I got a shipment notification for an order I never placed. Did someone use my account?,,Smart Watch,137.57,United Kingdom,resolved
46644a66-e763-4ff6-848a-622bc0233354,2025-12-02 14:43:26,CUST07986,chat,I ordered a gift to arrive before my daughter's birthday. It's three days late. I'm really disappointed.,I'm sorry the size didn't work out. I've set up an exchange for you — you'll receive a prepaid return label by email.,Electric Toothbrush,108.07,UAE,resolved
0e10e5fa-cbbe-4f31-8394-88edfc7d999c,2025-04-08 20:58:46,CUST39457,chat,The refund you promised two weeks ago still hasn't appeared in my account. When will it post?,,Sunglasses,21.67,United States,open
630586db-6d59-4570-8756-be5aff7e81cc,2024-10-08 01:09:16,CUST53765,email,I'm getting an error code E-404 when I try to connect the device to my phone. What does that mean?,,Yoga Mat,302.4,Singapore,escalated
a2761e1d-5a7b-4158-9e2e-066bb5db95af,2025-01-21 01:26:21,CUST19100,email,I got a shipment notification for an order I never placed. Did someone use my account?,,Sunglasses,367.09,Canada,open
14a59e3d-2f5e-444b-b7c6-688d31497aa6,2025-07-25 17:53:23,CUST33651,chat,My order was supposed to arrive by Thursday but it's now Sunday and nothing. I needed this for an event that already happened.,I'm sorry to hear about this experience. I've initiated a full refund which should appear in 3–5 business days.,Sunglasses,233.89,Spain,escalated
6490cdab-431e-4b7b-b671-71292ca170be,2024-11-13 22:30:00,CUST10720,chat,My account shows a balance I didn't deposit. Where did it come from and is it real credit I can use?,,Running Shoes,142.33,Japan,resolved
14b03aea-d993-459b-9486-730bf1b439e0,2024-04-08 07:23:33,CUST23166,chat,Someone seems to have accessed my account. I'm seeing orders I didn't place.,,Air Purifier,292.61,United States,resolved
8f5b746f-439c-4b03-9733-5ca27892eb18,2025-03-12 05:50:14,CUST47340,email,Two of the three items in my order arrived but one is missing. The packing slip shows all three.,I've processed a store credit for the full amount. It's now available in your account balance.,Wireless Headphones,,UAE,resolved
6cf0f066-a38a-4648-a753-40f0fa1d6b99,2025-11-07 06:49:09,CUST87304,chat,"I initiated a return and got a confirmation, but I've heard nothing since. What's the status?",,Air Purifier,451.89,Japan,resolved
e904d7a3-a99b-4d53-8971-b4afe5729dc6,2024-08-14 07:55:45,CUST55629,email,Can I split my order into two shipments — one to my home and one to my office?,,Air Purifier,378.31,Brazil,resolved
